Workbook
Name A_Ja_Nein_Liste: [1]sysAuswahl!$A$5:$A$6
Name A_Ja_Nein_Rev: [1]sysAuswahl!$F$5:$G$7
Name A_Ja_Nein_Wert: [1]sysAuswahl!$C$5:$D$7
Name A_MASSN_Liste: [1]sysAuswahl!$A$23:$A$31
Name A_MASSN_Rev: [1]sysAuswahl!$F$23:$G$32
Name A_MASSN_Wert: [1]sysAuswahl!$C$23:$D$32
Name A_ProjArt_Liste: [1]sysAuswahl!$A$14:$A$16
Name F_FondsBez: [1]Eingabe_1_bis_4!$F$15
Name F_Massnahme: [1]Eingabe_1_bis_4!$F$19
Name F_MONSYS_Aktenzeichen: [1]Eingabe_1_bis_4!$F$7
Name F_MONSYS_Eingangsdatum: [1]Eingabe_1_bis_4!$F$5
Name F_MONSYS_eingegangenBei: [1]Eingabe_1_bis_4!$F$4
Name F_MONSYS_FassungVom: [1]Eingabe_1_bis_4!$F$6
Name F_MONSYS_Projektcode: [1]Eingabe_1_bis_4!$F$9
Name F_MONSYS_Vertragsnummer: [1]Eingabe_1_bis_4!$F$8
Name F_PA1_Ansprech: [1]Eingabe_5!$F$20
Name F_PA1_Email: [1]Eingabe_5!$F$26
Name F_PA1_Fax: [1]Eingabe_5!$F$24
Name F_PA1_Telefon: [1]Eingabe_5!$F$22
Name F_PA2_Ansprech: [1]Eingabe_5!$F$44
Name F_PA2_Email: [1]Eingabe_5!$F$50
Name F_PA2_Fax: [1]Eingabe_5!$F$48
Name F_PA2_Telefon: [1]Eingabe_5!$F$46
Name F_PK_KACode_L00: [1]Eingabe_6!$F$48
Name F_PK_KACode_L01: [1]Eingabe_6!$F$52
Name F_PK_KACode_L02: [1]Eingabe_6!$F$56
Name F_PK_KACode_L03: [1]Eingabe_6!$F$60
Name F_PK_KACode_L04: [1]Eingabe_6!$F$64
Name F_PK_KACode_L05: [1]Eingabe_6!$F$68
Name F_PK_KACode_L06: [1]Eingabe_6!$F$72
Name F_PK_KACode_L07: [1]Eingabe_6!$F$76
Name F_PK_KACode_L08: [1]Eingabe_6!$F$80
Name F_PK_KACode_L09: [1]Eingabe_6!$F$84
Name F_PK_PK_Notiz_L00: [1]Eingabe_6!$F$50
Name F_PK_PK_Notiz_L01: [1]Eingabe_6!$F$54
Name F_PK_PK_Notiz_L02: [1]Eingabe_6!$F$58
Name F_PK_PK_Notiz_L03: [1]Eingabe_6!$F$62
Name F_PK_PK_Notiz_L04: [1]Eingabe_6!$F$66
Name F_PK_PK_Notiz_L05: [1]Eingabe_6!$F$70
Name F_PK_PK_Notiz_L06: [1]Eingabe_6!$F$74
Name F_PK_PK_Notiz_L07: [1]Eingabe_6!$F$78
Name F_PK_PK_Notiz_L08: [1]Eingabe_6!$F$82
Name F_PK_PK_Notiz_L09: [1]Eingabe_6!$F$86
Name F_PK_Z01: [1]Eingabe_6!$F$34
Name F_PK_Z02: [1]Eingabe_6!$F$36
Name F_PK_Z03: [1]Eingabe_6!$F$38
Name F_PK_Z04: [1]Eingabe_6!$F$40
Name F_PR_AZVFS: [1]Eingabe_1_bis_4!$F$25
Name F_PR_FEAnsprech: [1]Eingabe_1_bis_4!$F$71
Name F_PR_FEAnsprech_Email: [1]Eingabe_1_bis_4!$F$77
Name F_PR_FEAnsprech_Fax: [1]Eingabe_1_bis_4!$F$75
Name F_PR_FEAnsprech_Telefon: [1]Eingabe_1_bis_4!$F$73
Name F_PR_FEBLZ: [1]Eingabe_1_bis_4!$F$87
Name F_PR_FEKontonr: [1]Eingabe_1_bis_4!$F$85
Name F_PR_FeMWST: [1]Eingabe_1_bis_4!$F$61
Name F_PR_FEZeichBerecht: [1]Eingabe_1_bis_4!$F$57
Name F_PR_Grenzland: [1]Eingabe_1_bis_4!$F$67
Name F_PR_Link: [1]Eingabe_1_bis_4!$F$81
Name F_PR_Projdf_anf: [1]Eingabe_6!$F$7
Name F_PR_Projdf_end: [1]Eingabe_6!$F$9

Sheet Overview IB
C3: Indikatorenbericht Nationale Integrationsförderung 2024 und 2025 | AE3: Bitte auswählen! | AF3: Bitte auswählen! | AG3: Bitte auswählen!
C4: Projektträger/-in | D4: Qualifizierung & Karriere GmbH | AE4: Sprache und Bildung | AF4: Frauen | AG4: Burgenland
C5: Projekttitel | D5: Finish Strong – Prüfungsvorbereitung und Begleitung für Lehrling | AE5: Arbeit und Beruf | AF5: Deutsch | AG5: Kärnten
C6: Projektnummer | D6: 131-2024/25 | AE6: Rechtsstaat und Werte | AF6: Kinder, Jugendliche und Elternarbeit | AG6: Niederösterreich
C7: Standort Projektmanagement | D7: Tirol | AE7: Sport und Freizeit | AF7: Sport und Freizeit | AG7: Steiermark
C8: Hauptprojektstandort | D8: Tirol | AE8: Wohnen und die regionale Dimension der Integration | AF8: x | AG8: Tirol
C9: Laufzeit Beginn | D9: 45292 | AF9: x | AG9: Vorarlberg
C10: Laufzeit Ende | D10: 46022 | AG10: Wien
C11: Projektdauer in Monaten | D11: =IF(IF(OR(D9="",D10=""),"",(D10-D9)/30.4)="","befüllt sich automatisch",IF(OR(D9="",D10=""),"",(D10-D9)/30.4)) -> 24.013158
C13: Bundesländeraufteilung in % | D13: Burgenland | F13: Bitte hier nur ganze Zahlen angeben!
D14: Kärnten
D15: Niederösterreich
D16: Oberösterreich
D17: Salzburg
D18: Steiermark
D19: Tirol | E19: 100
D20: Vorarlberg
D21: Wien
D22: gesamt | E22: =SUM(E13:E21) -> 100
C24: Zielindikatoren | D24: Anzahl SOLL lt. Vertrag | E24: Anzahl SOLL berichtigt lt. Vertrag | F24: Anmerkungen (lt. Projektbeschreibung) | I24: Maßnahmen Soll lt. Vertrag | T24: Anteil an Laufzeit | U24: ='1. ZWB'!D7 -> 0.24794521 | W24: Anteil an Laufzeit | X24: ='2. ZWB'!D7 -> 0.5 | Z24: Anteil an Laufzeit | AA24: ='3. ZWB'!D7 -> 0.74794521 | AC24: Anteil an Laufzeit | AD24: =EB!D7 -> -62.043836
I25: M 1 | J25: M 2 | K25: M 3 | L25: M 4 | M25: M 5 | N25: M 6 | O25: M 7 | P25: M 8 | Q25: M 9 | R25: M 10 | T25: IST bis 1. ZWB | U25: Erfüllt in % | W25: IST bis 2. ZWB | X25: Erfüllt in % | Z25: IST bis 3. ZWB | AA25: Erfüllt in % | AC25: IST bis EB | AD25: Erfüllt in %
C26: Anzahl der Projektteilnehmenden gesamt | D26: =SUM(I26:R26) -> 194 | E26: 72 | I26: 72 | J26: 72 | K26: 50 | T26: =IF('1. ZWB'!R11=0,'1. ZWB'!Q11,'1. ZWB'!R11) -> 42 | U26: ='1. ZWB'!S11 -> 0.58333333 | W26: =IF('2. ZWB'!R11=0,'2. ZWB'!Q11,'2. ZWB'!R11) -> 55 | X26: ='2. ZWB'!S11 -> 0.76388889 | Z26: =IF('3. ZWB'!R11=0,'3. ZWB'!Q11,'3. ZWB'!R11) -> 74 | AA26: ='3. ZWB'!S11 -> 1.0277778 | AB26: =IF(AA26=0,0,AA26/D26) -> 0.0052978236 | AC26: =IF(EB!R11=0,EB!Q11,EB!R11) -> 82 | AD26: =EB!S11 -> 1.1388889
C27: Anzahl der verfügbaren Plätze im Projekt | D27: =SUM(I27:R27) -> 194 | E27: 72 | I27: 72 | J27: 72 | K27: 50 | T27: =IF('1. ZWB'!R12=0,'1. ZWB'!Q12,'1. ZWB'!R12) -> 42 | U27: ='1. ZWB'!S12 -> 0.58333333 | W27: =IF('2. ZWB'!R12=0,'2. ZWB'!Q12,'2. ZWB'!R12) -> 55 | X27: ='2. ZWB'!S12 -> 0.76388889 | Z27: =IF('3. ZWB'!R12=0,'3. ZWB'!Q12,'3. ZWB'!R12) -> 74 | AA27: ='3. ZWB'!S12 -> 1.0277778 | AC27: =IF(EB!R12=0,EB!Q12,EB!R12) -> 82 | AD27: =EB!S12 -> 1.1388889
C28: Anzahl der Standorte, an denen die Maßnahmen durchgeführt werden | D28: =SUM(I28:R28) -> 3 | E28: 1 | F28: Innsbruck | I28: 1 | J28: 1 | K28: 1 | T28: =IF('1. ZWB'!R13=0,'1. ZWB'!Q13,'1. ZWB'!R13) -> 1 | U28: ='1. ZWB'!S13 -> 1 | W28: =IF('2. ZWB'!R13=0,'2. ZWB'!Q13,'2. ZWB'!R13) -> 1 | X28: ='2. ZWB'!S13 -> 1 | Z28: =IF('3. ZWB'!R13=0,'3. ZWB'!Q13,'3. ZWB'!R13) -> 1 | AA28: ='3. ZWB'!S13 -> 1 | AC28: =IF(EB!R13=0,EB!Q13,EB!R13) -> 1 | AD28: =EB!S13 -> 1
C29: Bereich Veranstaltungen | D29: Anzahl SOLL | E29: Anzahl SOLL berichtigt lt. Vertrag | F29: Anmerkungen (lt. Projektbeschreibung) | I29: M 1 | J29: M 2 | K29: M 3 | L29: M 4 | M29: M 5 | N29: M 6 | O29: M 7 | P29: M 8 | Q29: M 9 | R29: M 10 | T29: IST bis 1. ZWB | U29: ='1. ZWB'!S14 -> Erfüllt in % | W29: IST bis 2. ZWB | X29: Erfüllt in % | Z29: IST bis 3. ZWB | AA29: Erfüllt in % | AC29: IST bis EB | AD29: Erfüllt in %
C30: Anzahl der Veranstaltungen | D30: =SUM(I30:R30) -> 0 | T30: =IF('1. ZWB'!R15=0,'1. ZWB'!Q15,'1. ZWB'!R15) -> 0 | U30: ='1. ZWB'!S15 -> 0 | W30: =IF('2. ZWB'!R15=0,'2. ZWB'!Q15,'2. ZWB'!R15) -> 0 | X30: ='2. ZWB'!S15 -> 0 | Z30: =IF('3. ZWB'!R15=0,'3. ZWB'!Q15,'3. ZWB'!R15) -> 0 | AA30: ='3. ZWB'!S15 -> 0 | AC30: =IF(EB!R15=0,EB!Q15,EB!R15) -> 0 | AD30: =EB!S15 -> 0
C31: Anzahl der Veranstaltungsteilnehmenden gesamt | D31: =SUM(I31:R31) -> 0 | T31: =IF('1. ZWB'!R16=0,'1. ZWB'!Q16,'1. ZWB'!R16) -> 0 | U31: ='1. ZWB'!S16 -> 0 | W31: =IF('2. ZWB'!R16=0,'2. ZWB'!Q16,'2. ZWB'!R16) -> 0 | X31: ='2. ZWB'!S16 -> 0 | Z31: =IF('3. ZWB'!R16=0,'3. ZWB'!Q16,'3. ZWB'!R16) -> 0 | AA31: ='3. ZWB'!S16 -> 0 | AC31: =IF(EB!R16=0,EB!Q16,EB!R16) -> 0 | AD31: =EB!S16 -> 0
C32: Anzahl der Kurse/Workshops/Trainings | D32: =SUM(I32:R32) -> 0 | T32: =IF('1. ZWB'!R17=0,'1. ZWB'!Q17,'1. ZWB'!R17) -> 0 | U32: ='1. ZWB'!S17 -> 0 | W32: =IF('2. ZWB'!R17=0,'2. ZWB'!Q17,'2. ZWB'!R17) -> 0 | X32: ='2. ZWB'!S17 -> 0 | Z32: =IF('3. ZWB'!R17=0,'3. ZWB'!Q17,'3. ZWB'!R17) -> 0 | AA32: ='3. ZWB'!S17 -> 0 | AC32: =IF(EB!R17=0,EB!Q17,EB!R17) -> 0 | AD32: =EB!S17 -> 0
C33: Anzahl der Teilnehmenden an Kursen/Workshops/ Trainings | D33: =SUM(I33:R33) -> 0 | T33: =IF('1. ZWB'!R18=0,'1. ZWB'!Q18,'1. ZWB'!R18) -> 0 | U33: ='1. ZWB'!S18 -> 0 | W33: =IF('2. ZWB'!R18=0,'2. ZWB'!Q18,'2. ZWB'!R18) -> 0 | X33: ='2. ZWB'!S18 -> 0 | Z33: =IF('3. ZWB'!R18=0,'3. ZWB'!Q18,'3. ZWB'!R18) -> 0 | AA33: ='3. ZWB'!S18 -> 0 | AC33: =IF(EB!R18=0,EB!Q18,EB!R18) -> 0 | AD33: =EB!S18 -> 0
C34: Anzahl der Kurs-, Workshop- bzw. Trainingsstunden | D34: =SUM(I34:R34) -> 0 | T34: =IF('1. ZWB'!R19=0,'1. ZWB'!Q19,'1. ZWB'!R19) -> 0 | U34: ='1. ZWB'!S19 -> 0 | W34: =IF('2. ZWB'!R19=0,'2. ZWB'!Q19,'2. ZWB'!R19) -> 0 | X34: ='2. ZWB'!S19 -> 0 | Z34: =IF('3. ZWB'!R19=0,'3. ZWB'!Q19,'3. ZWB'!R19) -> 0 | AA34: ='3. ZWB'!S19 -> 0 | AC34: =IF(EB!R19=0,EB!Q19,EB!R19) -> 0 | AD34: =EB!S19 -> 0
C35: Bereich Beratung | D35: Anzahl SOLL | E35: Anzahl SOLL berichtigt lt. Vertrag | F35: Anmerkungen (lt. Projektbeschreibung) | I35: M 1 | J35: M 2 | K35: M 3 | L35: M 4 | M35: M 5 | N35: M 6 | O35: M 7 | P35: M 8 | Q35: M 9 | R35: M 10 | T35: IST bis 1. ZWB | U35: Erfüllt in % | W35: IST bis 2. ZWB | X35: Erfüllt in % | Z35: IST bis 3. ZWB | AA35: Erfüllt in % | AC35: IST bis EB | AD35: Erfüllt in %
C36: Anzahl der Einzelberatungen bzw. -betreuung | D36: =SUM(I36:R36) -> 0 | F36: "Individuelle LAP-Beratung" & "Fachspezifische Lernbegleitung im Einzelsetting" (1-2 Personen) | T36: =IF('1. ZWB'!R21=0,'1. ZWB'!Q21,'1. ZWB'!R21) -> 0 | U36: ='1. ZWB'!S21 -> 0 | W36: =IF('2. ZWB'!R21=0,'2. ZWB'!Q21,'2. ZWB'!R21) -> 0 | X36: ='2. ZWB'!S21 -> 0 | Z36: =IF('3. ZWB'!R21=0,'3. ZWB'!Q21,'3. ZWB'!R21) -> 0 | AA36: ='3. ZWB'!S21 -> 0 | AC36: =IF(EB!R21=0,EB!Q21,EB!R21) -> 0 | AD36: =EB!S21 -> 0
C37: Anzahl der in Einzelberatung beratenen, betreuten oder gecoachten Personen | D37: =SUM(I37:R37) -> 144 | E37: 72 | I37: 72 | J37: 72 | T37: =IF('1. ZWB'!R22=0,'1. ZWB'!Q22,'1. ZWB'!R22) -> 42 | U37: ='1. ZWB'!S22 -> 0.58333333 | W37: =IF('2. ZWB'!R22=0,'2. ZWB'!Q22,'2. ZWB'!R22) -> 55 | X37: ='2. ZWB'!S22 -> 0.76388889 | Z37: =IF('3. ZWB'!R22=0,'3. ZWB'!Q22,'3. ZWB'!R22) -> 74 | AA37: ='3. ZWB'!S22 -> 1.0277778 | AC37: =IF(EB!R22=0,EB!Q22,EB!R22) -> 82 | AD37: =EB!S22 -> 1.1388889
C38: Anzahl der Einzelberatungs-/Betreuungs-/ Coachingstunden | D38: =SUM(I38:R38) -> 1170 | E38: 1170 | I38: 360 | J38: 810 | T38: =IF('1. ZWB'!R23=0,'1. ZWB'!Q23,'1. ZWB'!R23) -> 311 | U38: ='1. ZWB'!S23 -> 0.26581197 | W38: =IF('2. ZWB'!R23=0,'2. ZWB'!Q23,'2. ZWB'!R23) -> 654 | X38: ='2. ZWB'!S23 -> 0.55897436 | Z38: =IF('3. ZWB'!R23=0,'3. ZWB'!Q23,'3. ZWB'!R23) -> 952 | AA38: ='3. ZWB'!S23 -> 0.81367521 | AC38: =IF(EB!R23=0,EB!Q23,EB!R23) -> 1218.5 | AD38: =EB!S23 -> 1.041453
C39: Anzahl der Gruppenberatungen bzw. -betreuung (min. 3 Personen) | D39: =SUM(I39:R39) -> 0 | F39: "Fachspezifische Lernbegleitung im Gruppensetting" (ab 3 Personen) | T39: =IF('1. ZWB'!R24=0,'1. ZWB'!Q24,'1. ZWB'!R24) -> 0 | U39: ='1. ZWB'!S24 -> 0 | W39: =IF('2. ZWB'!R24=0,'2. ZWB'!Q24,'2. ZWB'!R24) -> 0 | X39: ='2. ZWB'!S24 -> 0 | Z39: =IF('3. ZWB'!R24=0,'3. ZWB'!Q24,'3. ZWB'!R24) -> 0 | AA39: ='3. ZWB'!S24 -> 0 | AC39: =IF(EB!R24=0,EB!Q24,EB!R24) -> 0 | AD39: =EB!S24 -> 0
C40: Anzahl der in Gruppenberatung beratenen oder betreuten Personen | D40: =SUM(I40:R40) -> 50 | E40: 50 | K40: 50 | T40: =IF('1. ZWB'!R25=0,'1. ZWB'!Q25,'1. ZWB'!R25) -> 33 | U40: ='1. ZWB'!S25 -> 0.66 | W40: =IF('2. ZWB'!R25=0,'2. ZWB'!Q25,'2. ZWB'!R25) -> 39 | X40: ='2. ZWB'!S25 -> 0.78 | Z40: =IF('3. ZWB'!R25=0,'3. ZWB'!Q25,'3. ZWB'!R25) -> 46 | AA40: ='3. ZWB'!S25 -> 0.92 | AC40: =IF(EB!R25=0,EB!Q25,EB!R25) -> 50 | AD40: =EB!S25 -> 1
C41: Anzahl der Gruppenberatungs-/Betreuungsstunden | D41: =SUM(I41:R41) -> 540 | E41: 540 | K41: 540 | T41: =IF('1. ZWB'!R26=0,'1. ZWB'!Q26,'1. ZWB'!R26) -> 192 | U41: ='1. ZWB'!S26 -> 0.35555556 | W41: =IF('2. ZWB'!R26=0,'2. ZWB'!Q26,'2. ZWB'!R26) -> 298 | X41: ='2. ZWB'!S26 -> 0.55185185 | Z41: =IF('3. ZWB'!R26=0,'3. ZWB'!Q26,'3. ZWB'!R26) -> 435.5 | AA41: ='3. ZWB'!S26 -> 0.80648148 | AC41: =IF(EB!R26=0,EB!Q26,EB!R26) -> 540.5 | AD41: =EB!S26 -> 1.0009259
C42: Anzahl der Familienberatungen (pro Familie) | D42: =SUM(I42:R42) -> 0 | T42: =IF('1. ZWB'!R27=0,'1. ZWB'!Q27,'1. ZWB'!R27) -> 0 | U42: ='1. ZWB'!S27 -> 0 | W42: =IF('2. ZWB'!R27=0,'2. ZWB'!Q27,'2. ZWB'!R27) -> 0 | X42: ='2. ZWB'!S27 -> 0 | Z42: =IF('3. ZWB'!R27=0,'3. ZWB'!Q27,'3. ZWB'!R27) -> 0 | AA42: ='3. ZWB'!S27 -> 0 | AC42: =IF(EB!R27=0,EB!Q27,EB!R27) -> 0 | AD42: =EB!S27 -> 0
C43: Anzahl der familienberatenen oder betreuten Personen | D43: =SUM(I43:R43) -> 0 | T43: =IF('1. ZWB'!R28=0,'1. ZWB'!Q28,'1. ZWB'!R28) -> 0 | U43: ='1. ZWB'!S28 -> 0 | W43: =IF('2. ZWB'!R28=0,'2. ZWB'!Q28,'2. ZWB'!R28) -> 0 | X43: ='2. ZWB'!S28 -> 0 | Z43: =IF('3. ZWB'!R28=0,'3. ZWB'!Q28,'3. ZWB'!R28) -> 0 | AA43: ='3. ZWB'!S28 -> 0 | AC43: =IF(EB!R28=0,EB!Q28,EB!R28) -> 0 | AD43: =EB!S28 -> 0
C44: Anzahl der Beratungs-/Betreuungsstunden für Familien | D44: =SUM(I44:R44) -> 0 | T44: =IF('1. ZWB'!R29=0,'1. ZWB'!Q29,'1. ZWB'!R29) -> 0 | U44: ='1. ZWB'!S29 -> 0 | W44: =IF('2. ZWB'!R29=0,'2. ZWB'!Q29,'2. ZWB'!R29) -> 0 | X44: ='2. ZWB'!S29 -> 0 | Z44: =IF('3. ZWB'!R29=0,'3. ZWB'!Q29,'3. ZWB'!R29) -> 0 | AA44: ='3. ZWB'!S29 -> 0 | AC44: =IF(EB!R29=0,EB!Q29,EB!R29) -> 0 | AD44: =EB!S29 -> 0
C45: Anzahl der Hausbesuche | D45: =SUM(I45:R45) -> 0 | T45: =IF('1. ZWB'!R30=0,'1. ZWB'!Q30,'1. ZWB'!R30) -> 0 | U45: ='1. ZWB'!S30 -> 0 | W45: =IF('2. ZWB'!R30=0,'2. ZWB'!Q30,'2. ZWB'!R30) -> 0 | X45: ='2. ZWB'!S30 -> 0 | Z45: =IF('3. ZWB'!R30=0,'3. ZWB'!Q30,'3. ZWB'!R30) -> 0 | AA45: ='3. ZWB'!S30 -> 0 | AC45: =IF(EB!R30=0,EB!Q30,EB!R30) -> 0 | AD45: =EB!S30 -> 0
C46: Anzahl besuchter Haushalte | D46: =SUM(I46:R46) -> 0 | T46: =IF('1. ZWB'!R31=0,'1. ZWB'!Q31,'1. ZWB'!R31) -> 0 | U46: ='1. ZWB'!S31 -> 0 | W46: =IF('2. ZWB'!R31=0,'2. ZWB'!Q31,'2. ZWB'!R31) -> 0 | X46: ='2. ZWB'!S31 -> 0 | Z46: =IF('3. ZWB'!R31=0,'3. ZWB'!Q31,'3. ZWB'!R31) -> 0 | AA46: ='3. ZWB'!S31 -> 0 | AC46: =IF(EB!R31=0,EB!Q31,EB!R31) -> 0 | AD46: =EB!S31 -> 0
C47: Anzahl besuchter Personen | D47: =SUM(I47:R47) -> 0 | T47: =IF('1. ZWB'!R32=0,'1. ZWB'!Q32,'1. ZWB'!R32) -> 0 | U47: ='1. ZWB'!S32 -> 0 | W47: =IF('2. ZWB'!R32=0,'2. ZWB'!Q32,'2. ZWB'!R32) -> 0 | X47: ='2. ZWB'!S32 -> 0 | Z47: =IF('3. ZWB'!R32=0,'3. ZWB'!Q32,'3. ZWB'!R32) -> 0 | AA47: ='3. ZWB'!S32 -> 0 | AC47: =IF(EB!R32=0,EB!Q32,EB!R32) -> 0 | AD47: =EB!S32 -> 0
C48: Bereich Sprache | D48: Anzahl SOLL | E48: Anzahl SOLL berichtigt lt. Vertrag | F48: Anmerkungen (lt. Projektbeschreibung) | I48: M 1 | J48: M 2 | K48: M 3 | L48: M 4 | M48: M 5 | N48: M 6 | O48: M 7 | P48: M 8 | Q48: M 9 | R48: M 10 | T48: IST bis 1. ZWB | U48: Erfüllt in % | W48: IST bis 2. ZWB | X48: Erfüllt in % | Z48: IST bis 3. ZWB | AA48: Erfüllt in % | AC48: IST bis EB | AD48: Erfüllt in %
C49: Anzahl der Fachsprach- bzw. Sprachkurse gesamt | D49: =SUM(I49:R49) -> 0 | E49: =SUM(E50:E54) -> 0 | I49: =SUM(I50:I54) -> 0 | J49: =SUM(J50:J54) -> 0 | K49: =SUM(K50:K54) -> 0 | L49: =SUM(L50:L54) -> 0 | M49: =SUM(M50:M54) -> 0 | N49: =SUM(N50:N54) -> 0 | O49: =SUM(O50:O54) -> 0 | P49: =SUM(P50:P54) -> 0 | ... R49: =SUM(R50:R54) -> 0 | T49: =IF('1. ZWB'!R34=0,'1. ZWB'!Q34,'1. ZWB'!R34) -> 0 | U49: ='1. ZWB'!S34 -> 0 | W49: =IF('2. ZWB'!R34=0,'2. ZWB'!Q34,'2. ZWB'!R34) -> 0 | X49: ='2. ZWB'!S34 -> 0 | Z49: =IF('3. ZWB'!R34=0,'3. ZWB'!Q34,'3. ZWB'!R34) -> 0 | AA49: ='3. ZWB'!S34 -> 0 | AC49: =IF(EB!R34=0,EB!Q34,EB!R34) -> 0 | AD49: =EB!S34 -> 0
C50: davon Alphabetisierung | D50: =SUM(I50:R50) -> 0 | T50: =IF('1. ZWB'!R35=0,'1. ZWB'!Q35,'1. ZWB'!R35) -> 0 | U50: ='1. ZWB'!S35 -> 0 | W50: =IF('2. ZWB'!R35=0,'2. ZWB'!Q35,'2. ZWB'!R35) -> 0 | X50: ='2. ZWB'!S35 -> 0 | Z50: =IF('3. ZWB'!R35=0,'3. ZWB'!Q35,'3. ZWB'!R35) -> 0 | AA50: ='3. ZWB'!S35 -> 0 | AC50: =IF(EB!R35=0,EB!Q35,EB!R35) -> 0 | AD50: =EB!S35 -> 0
C51: davon A1 | D51: =SUM(I51:R51) -> 0 | T51: =IF('1. ZWB'!R36=0,'1. ZWB'!Q36,'1. ZWB'!R36) -> 0 | U51: ='1. ZWB'!S36 -> 0 | W51: =IF('2. ZWB'!R36=0,'2. ZWB'!Q36,'2. ZWB'!R36) -> 0 | X51: ='2. ZWB'!S36 -> 0 | Z51: =IF('3. ZWB'!R36=0,'3. ZWB'!Q36,'3. ZWB'!R36) -> 0 | AA51: ='3. ZWB'!S36 -> 0 | AC51: =IF(EB!R36=0,EB!Q36,EB!R36) -> 0 | AD51: =EB!S36 -> 0
C52: davon A2 | D52: =SUM(I52:R52) -> 0 | T52: =IF('1. ZWB'!R37=0,'1. ZWB'!Q37,'1. ZWB'!R37) -> 0 | U52: ='1. ZWB'!S37 -> 0 | W52: =IF('2. ZWB'!R37=0,'2. ZWB'!Q37,'2. ZWB'!R37) -> 0 | X52: ='2. ZWB'!S37 -> 0 | Z52: =IF('3. ZWB'!R37=0,'3. ZWB'!Q37,'3. ZWB'!R37) -> 0 | AA52: ='3. ZWB'!S37 -> 0 | AC52: =IF(EB!R37=0,EB!Q37,EB!R37) -> 0 | AD52: =EB!S37 -> 0
C53: davon B1 | D53: =SUM(I53:R53) -> 0 | T53: =IF('1. ZWB'!R38=0,'1. ZWB'!Q38,'1. ZWB'!R38) -> 0 | U53: ='1. ZWB'!S38 -> 0 | W53: =IF('2. ZWB'!R38=0,'2. ZWB'!Q38,'2. ZWB'!R38) -> 0 | X53: ='2. ZWB'!S38 -> 0 | Z53: =IF('3. ZWB'!R38=0,'3. ZWB'!Q38,'3. ZWB'!R38) -> 0 | AA53: ='3. ZWB'!S38 -> 0 | AC53: =IF(EB!R38=0,EB!Q38,EB!R38) -> 0 | AD53: =EB!S38 -> 0
C54: davon B2 | D54: =SUM(I54:R54) -> 0 | T54: =IF('1. ZWB'!R39=0,'1. ZWB'!Q39,'1. ZWB'!R39) -> 0 | U54: ='1. ZWB'!S39 -> 0 | W54: =IF('2. ZWB'!R39=0,'2. ZWB'!Q39,'2. ZWB'!R39) -> 0 | X54: ='2. ZWB'!S39 -> 0 | Z54: =IF('3. ZWB'!R39=0,'3. ZWB'!Q39,'3. ZWB'!R39) -> 0 | AA54: ='3. ZWB'!S39 -> 0 | AC54: =IF(EB!R39=0,EB!Q39,EB!R39) -> 0 | AD54: =EB!S39 -> 0
C55: Anzahl der Fachsprach- bzw. Sprachkursplätze gesamt | D55: =SUM(I55:R55) -> 0 | T55: =IF('1. ZWB'!R40=0,'1. ZWB'!Q40,'1. ZWB'!R40) -> 0 | U55: ='1. ZWB'!S40 -> 0 | W55: =IF('2. ZWB'!R40=0,'2. ZWB'!Q40,'2. ZWB'!R40) -> 0 | X55: ='2. ZWB'!S40 -> 0 | Z55: =IF('3. ZWB'!R40=0,'3. ZWB'!Q40,'3. ZWB'!R40) -> 0 | AA55: ='3. ZWB'!S40 -> 0 | AC55: =IF(EB!R40=0,EB!Q40,EB!R40) -> 0 | AD55: =EB!S40 -> 0
C56: Anzahl der Fachsprach- bzw. Sprachkursteilnehmenden gesamt | D56: =SUM(I56:R56) -> 0 | T56: =IF('1. ZWB'!R41=0,'1. ZWB'!Q41,'1. ZWB'!R41) -> 0 | U56: ='1. ZWB'!S41 -> 0 | W56: =IF('2. ZWB'!R41=0,'2. ZWB'!Q41,'2. ZWB'!R41) -> 0 | X56: ='2. ZWB'!S41 -> 0 | Z56: =IF('3. ZWB'!R41=0,'3. ZWB'!Q41,'3. ZWB'!R41) -> 0 | AA56: ='3. ZWB'!S41 -> 0 | AC56: =IF(EB!R41=0,EB!Q41,EB!R41) -> 0 | AD56: =EB!S41 -> 0
C57: Anzahl der Unterrichtseinheiten gesamt | D57: =SUM(I57:R57) -> 0 | T57: =IF('1. ZWB'!R42=0,'1. ZWB'!Q42,'1. ZWB'!R42) -> 0 | U57: ='1. ZWB'!S42 -> 0 | W57: =IF('2. ZWB'!R42=0,'2. ZWB'!Q42,'2. ZWB'!R42) -> 0 | X57: ='2. ZWB'!S42 -> 0 | Z57: =IF('3. ZWB'!R42=0,'3. ZWB'!Q42,'3. ZWB'!R42) -> 0 | AA57: ='3. ZWB'!S42 -> 0 | AC57: =IF(EB!R42=0,EB!Q42,EB!R42) -> 0 | AD57: =EB!S42 -> 0
C58: Anzahl der Teilnehmenden an einer zertifizierten Abschlussprüfung | D58: =SUM(I58:R58) -> 0 | T58: =IF('1. ZWB'!R43=0,'1. ZWB'!Q43,'1. ZWB'!R43) -> 0 | U58: ='1. ZWB'!S43 -> 0 | W58: =IF('2. ZWB'!R43=0,'2. ZWB'!Q43,'2. ZWB'!R43) -> 0 | X58: ='2. ZWB'!S43 -> 0 | Z58: =IF('3. ZWB'!R43=0,'3. ZWB'!Q43,'3. ZWB'!R43) -> 0 | AA58: ='3. ZWB'!S43 -> 0 | AC58: =IF(EB!R43=0,EB!Q43,EB!R43) -> 0 | AD58: =EB!S43 -> 0
C59: Anteil der Teilnehmenden mit positiv absolvierter, zertifizierter Abschlussprüfung | D59: =SUM(I59:R59) -> 0 | T59: =IF('1. ZWB'!R44=0,'1. ZWB'!Q44,'1. ZWB'!R44) -> 0 | U59: ='1. ZWB'!S44 -> 0 | W59: =IF('2. ZWB'!R44=0,'2. ZWB'!Q44,'2. ZWB'!R44) -> 0 | X59: ='2. ZWB'!S44 -> 0 | Z59: =IF('3. ZWB'!R44=0,'3. ZWB'!Q44,'3. ZWB'!R44) -> 0 | AA59: ='3. ZWB'!S44 -> 0 | AC59: =IF(EB!R44=0,EB!Q44,EB!R44) -> 0 | AD59: =EB!S44 -> 0
C60: davon ÖIF zertifiziert | D60: =SUM(I60:R60) -> 0 | T60: =IF('1. ZWB'!R45=0,'1. ZWB'!Q45,'1. ZWB'!R45) -> 0 | U60: ='1. ZWB'!S45 -> 0 | W60: =IF('2. ZWB'!R45=0,'2. ZWB'!Q45,'2. ZWB'!R45) -> 0 | X60: ='2. ZWB'!S45 -> 0 | Z60: =IF('3. ZWB'!R45=0,'3. ZWB'!Q45,'3. ZWB'!R45) -> 0 | AA60: ='3. ZWB'!S45 -> 0 | AC60: =IF(EB!R45=0,EB!Q45,EB!R45) -> 0 | AD60: =EB!S45 -> 0
C61: Anzahl der niederschwelligen Sprachlerntreffen | D61: =SUM(I61:R61) -> 0 | T61: =IF('1. ZWB'!R46=0,'1. ZWB'!Q46,'1. ZWB'!R46) -> 0 | U61: ='1. ZWB'!S46 -> 0 | W61: =IF('2. ZWB'!R46=0,'2. ZWB'!Q46,'2. ZWB'!R46) -> 0 | X61: ='2. ZWB'!S46 -> 0 | Z61: =IF('3. ZWB'!R46=0,'3. ZWB'!Q46,'3. ZWB'!R46) -> 0 | AA61: ='3. ZWB'!S46 -> 0 | AC61: =IF(EB!R46=0,EB!Q46,EB!R46) -> 0 | AD61: =EB!S46 -> 0
C62: Anzahl der Teilnehmenden an niederschwelligem Sprachlernangebot | D62: =SUM(I62:R62) -> 0 | T62: =IF('1. ZWB'!R47=0,'1. ZWB'!Q47,'1. ZWB'!R47) -> 0 | U62: ='1. ZWB'!S47 -> 0 | W62: =IF('2. ZWB'!R47=0,'2. ZWB'!Q47,'2. ZWB'!R47) -> 0 | X62: ='2. ZWB'!S47 -> 0 | Z62: =IF('3. ZWB'!R47=0,'3. ZWB'!Q47,'3. ZWB'!R47) -> 0 | AA62: ='3. ZWB'!S47 -> 0 | AC62: =IF(EB!R47=0,EB!Q47,EB!R47) -> 0 | AD62: =EB!S47 -> 0
C63: Bereich Sonstige Indikatoren | D63: Anzahl SOLL | E63: Anzahl SOLL berichtigt lt. Vertrag | F63: Anmerkungen (lt. Projektbeschreibung) | I63: M 1 | J63: M 2 | K63: M 3 | L63: M 4 | M63: M 5 | N63: M 6 | O63: M 7 | P63: M 8 | Q63: M 9 | R63: M 10 | T63: IST bis 1. ZWB | U63: Erfüllt in % | W63: IST bis 2. ZWB | X63: Erfüllt in % | Z63: IST bis 3. ZWB | AA63: Erfüllt in % | AC63: IST bis EB | AD63: Erfüllt in %
C64: Anzahl der durchgeführten wissenschaftlichen Studien bzw. begleitenden Berichte oder Evaluierungen | D64: =SUM(I64:R64) -> 0 | T64: =IF('1. ZWB'!R49=0,'1. ZWB'!Q49,'1. ZWB'!R49) -> 0 | U64: ='1. ZWB'!S49 -> 0 | W64: =IF('2. ZWB'!R49=0,'2. ZWB'!Q49,'2. ZWB'!R49) -> 0 | X64: ='2. ZWB'!S49 -> 0 | Z64: =IF('3. ZWB'!R49=0,'3. ZWB'!Q49,'3. ZWB'!R49) -> 0 | AA64: ='3. ZWB'!S49 -> 0 | AC64: =IF(EB!R49=0,EB!Q49,EB!R49) -> 0 | AD64: =EB!S49 -> 0
C65: Anzahl der Ehrenamtlichen | D65: =SUM(I65:R65) -> 0 | T65: =IF('1. ZWB'!R50=0,'1. ZWB'!Q50,'1. ZWB'!R50) -> 0 | U65: ='1. ZWB'!S50 -> 0 | W65: =IF('2. ZWB'!R50=0,'2. ZWB'!Q50,'2. ZWB'!R50) -> 0 | X65: ='2. ZWB'!S50 -> 0 | Z65: =IF('3. ZWB'!R50=0,'3. ZWB'!Q50,'3. ZWB'!R50) -> 0 | AA65: ='3. ZWB'!S50 -> 0 | AC65: =IF(EB!R50=0,EB!Q50,EB!R50) -> 0 | AD65: =EB!S50 -> 0
C66: von diesen geleistete Gesamtstunden | D66: =SUM(I66:R66) -> 0 | T66: =IF('1. ZWB'!R51=0,'1. ZWB'!Q51,'1. ZWB'!R51) -> 0 | U66: ='1. ZWB'!S51 -> 0 | W66: =IF('2. ZWB'!R51=0,'2. ZWB'!Q51,'2. ZWB'!R51) -> 0 | X66: ='2. ZWB'!S51 -> 0 | Z66: =IF('3. ZWB'!R51=0,'3. ZWB'!Q51,'3. ZWB'!R51) -> 0 | AA66: ='3. ZWB'!S51 -> 0 | AC66: =IF(EB!R51=0,EB!Q51,EB!R51) -> 0 | AD66: =EB!S51 -> 0
C67: Anzahl an auszubildenden Multiplikatorinnen und Multiplikatoren | D67: =SUM(I67:R67) -> 0 | T67: =IF('1. ZWB'!R52=0,'1. ZWB'!Q52,'1. ZWB'!R52) -> 0 | U67: ='1. ZWB'!S52 -> 0 | W67: =IF('2. ZWB'!R52=0,'2. ZWB'!Q52,'2. ZWB'!R52) -> 0 | X67: ='2. ZWB'!S52 -> 0 | Z67: =IF('3. ZWB'!R52=0,'3. ZWB'!Q52,'3. ZWB'!R52) -> 0 | AA67: ='3. ZWB'!S52 -> 0 | AC67: =IF(EB!R52=0,EB!Q52,EB!R52) -> 0 | AD67: =EB!S52 -> 0
C68: Anzahl der Kursangebote mit Kinderbetreuung | D68: =SUM(I68:R68) -> 0 | T68: =IF('1. ZWB'!R53=0,'1. ZWB'!Q53,'1. ZWB'!R53) -> 0 | U68: ='1. ZWB'!S53 -> 0 | W68: =IF('2. ZWB'!R53=0,'2. ZWB'!Q53,'2. ZWB'!R53) -> 0 | X68: ='2. ZWB'!S53 -> 0 | Z68: =IF('3. ZWB'!R53=0,'3. ZWB'!Q53,'3. ZWB'!R53) -> 0 | AA68: ='3. ZWB'!S53 -> 0 | AC68: =IF(EB!R53=0,EB!Q53,EB!R53) -> 0 | AD68: =EB!S53 -> 0
C69: Anzahl der Teilnehmenden, die Elternteil betreuter Kinder sind | D69: =SUM(I69:R69) -> 0 | T69: =IF('1. ZWB'!R54=0,'1. ZWB'!Q54,'1. ZWB'!R54) -> 0 | U69: ='1. ZWB'!S54 -> 0 | W69: =IF('2. ZWB'!R54=0,'2. ZWB'!Q54,'2. ZWB'!R54) -> 0 | X69: ='2. ZWB'!S54 -> 0 | Z69: =IF('3. ZWB'!R54=0,'3. ZWB'!Q54,'3. ZWB'!R54) -> 0 | AA69: ='3. ZWB'!S54 -> 0 | AC69: =IF(EB!R54=0,EB!Q54,EB!R54) -> 0 | AD69: =EB!S54 -> 0
C70: Anzahl der betreuten Kinder | D70: =SUM(I70:R70) -> 0 | T70: =IF('1. ZWB'!R55=0,'1. ZWB'!Q55,'1. ZWB'!R55) -> 0 | U70: ='1. ZWB'!S55 -> 0 | W70: =IF('2. ZWB'!R55=0,'2. ZWB'!Q55,'2. ZWB'!R55) -> 0 | X70: ='2. ZWB'!S55 -> 0 | Z70: =IF('3. ZWB'!R55=0,'3. ZWB'!Q55,'3. ZWB'!R55) -> 0 | AA70: ='3. ZWB'!S55 -> 0 | AC70: =IF(EB!R55=0,EB!Q55,EB!R55) -> 0 | AD70: =EB!S55 -> 0
C71: Anzahl der erreichten Teilnehmenden durch Medien | D71: =SUM(I71:R71) -> 0 | T71: =IF('1. ZWB'!R56=0,'1. ZWB'!Q56,'1. ZWB'!R56) -> 0 | U71: ='1. ZWB'!S56 -> 0 | W71: =IF('2. ZWB'!R56=0,'2. ZWB'!Q56,'2. ZWB'!R56) -> 0 | X71: ='2. ZWB'!S56 -> 0 | Z71: =IF('3. ZWB'!R56=0,'3. ZWB'!Q56,'3. ZWB'!R56) -> 0 | AA71: ='3. ZWB'!S56 -> 0 | AC71: =IF(EB!R56=0,EB!Q56,EB!R56) -> 0 | AD71: =EB!S56 -> 0
C72: davon erreichte Teilnehmende durch digitale Medien | D72: =SUM(I72:R72) -> 0 | T72: =IF('1. ZWB'!R57=0,'1. ZWB'!Q57,'1. ZWB'!R57) -> 0 | U72: ='1. ZWB'!S57 -> 0 | W72: =IF('2. ZWB'!R57=0,'2. ZWB'!Q57,'2. ZWB'!R57) -> 0 | X72: ='2. ZWB'!S57 -> 0 | Z72: =IF('3. ZWB'!R57=0,'3. ZWB'!Q57,'3. ZWB'!R57) -> 0 | AA72: ='3. ZWB'!S57 -> 0 | AC72: =IF(EB!R57=0,EB!Q57,EB!R57) -> 0 | AD72: =EB!S57 -> 0
C73: davon erreichte Teilnehmende durch Printmedien | D73: =SUM(I73:R73) -> 0 | T73: =IF('1. ZWB'!R58=0,'1. ZWB'!Q58,'1. ZWB'!R58) -> 0 | U73: ='1. ZWB'!S58 -> 0 | W73: =IF('2. ZWB'!R58=0,'2. ZWB'!Q58,'2. ZWB'!R58) -> 0 | X73: ='2. ZWB'!S58 -> 0 | Z73: =IF('3. ZWB'!R58=0,'3. ZWB'!Q58,'3. ZWB'!R58) -> 0 | AA73: ='3. ZWB'!S58 -> 0 | AC73: =IF(EB!R58=0,EB!Q58,EB!R58) -> 0 | AD73: =EB!S58 -> 0
C74: Sonstiger Indikator - frei wählbar lt. Indikatorenblatt | D74: =SUM(I74:R74) -> 0 | T74: =IF('1. ZWB'!R59=0,'1. ZWB'!Q59,'1. ZWB'!R59) -> 0 | U74: ='1. ZWB'!S59 -> 0 | W74: =IF('2. ZWB'!R59=0,'2. ZWB'!Q59,'2. ZWB'!R59) -> 0 | X74: ='2. ZWB'!S59 -> 0 | Z74: =IF('3. ZWB'!R59=0,'3. ZWB'!Q59,'3. ZWB'!R59) -> 0 | AA74: ='3. ZWB'!S59 -> 0 | AC74: =IF(EB!R59=0,EB!Q59,EB!R59) -> 0 | AD74: =EB!S59 -> 0
C75: Sonstiger Indikator - frei wählbar lt. Indikatorenblatt | D75: =SUM(I75:R75) -> 0 | T75: =IF('1. ZWB'!R60=0,'1. ZWB'!Q60,'1. ZWB'!R60) -> 0 | U75: ='1. ZWB'!S60 -> 0 | W75: =IF('2. ZWB'!R60=0,'2. ZWB'!Q60,'2. ZWB'!R60) -> 0 | X75: ='2. ZWB'!S60 -> 0 | Z75: =IF('3. ZWB'!R60=0,'3. ZWB'!Q60,'3. ZWB'!R60) -> 0 | AA75: ='3. ZWB'!S60 -> 0 | AC75: =IF(EB!R60=0,EB!Q60,EB!R60) -> 0 | AD75: =EB!S60 -> 0
C77: Evaluierungsindikatoren | D77: Anzahl SOLL | E77: Anzahl SOLL berichtigt lt. Vertrag | F77: Anmerkungen (lt. Projektbeschreibung) | I77: M 1 | J77: M 2 | K77: M 3 | L77: M 4 | M77: M 5 | N77: M 6 | O77: M 7 | P77: M 8 | Q77: M 9 | R77: M 10 | T77: IST bis 1. ZWB | U77: Erfüllt in % | W77: IST bis 2. ZWB | X77: Erfüllt in % | Z77: IST bis 3. ZWB | AA77: Erfüllt in % | AC77: IST bis EB | AD77: Erfüllt in %
C78: Projektteilnehmende nach Zielgruppe
C79: Anzahl der Drittstaatsangehörigen | T79: =IF('1. ZWB'!R64=0,'1. ZWB'!Q64,'1. ZWB'!R64) -> 9 | W79: =IF('2. ZWB'!R64=0,'2. ZWB'!Q64,'2. ZWB'!R64) -> 12 | Z79: =IF('3. ZWB'!R64=0,'3. ZWB'!Q64,'3. ZWB'!R64) -> 18 | AC79: =IF(EB!R64=0,EB!Q64,EB!R64) -> 21
C80: Anzahl der Asyl- und subsidiär Schutzberechtigten | T80: =IF('1. ZWB'!R65=0,'1. ZWB'!Q65,'1. ZWB'!R65) -> 25 | W80: =IF('2. ZWB'!R65=0,'2. ZWB'!Q65,'2. ZWB'!R65) -> 34 | Z80: =IF('3. ZWB'!R65=0,'3. ZWB'!Q65,'3. ZWB'!R65) -> 44 | AC80: =IF(EB!R65=0,EB!Q65,EB!R65) -> 48
C81: Anzahl der Vertriebenen gemäß § 62 AsylG 2005 | T81: =IF('1. ZWB'!R66=0,'1. ZWB'!Q66,'1. ZWB'!R66) -> 3 | W81: =IF('2. ZWB'!R66=0,'2. ZWB'!Q66,'2. ZWB'!R66) -> 3 | Z81: =IF('3. ZWB'!R66=0,'3. ZWB'!Q66,'3. ZWB'!R66) -> 4 | AC81: =IF(EB!R66=0,EB!Q66,EB!R66) -> 4
C82: Anzahl der EU-Bürger*innen | T82: =IF('1. ZWB'!R67=0,'1. ZWB'!Q67,'1. ZWB'!R67) -> 3 | W82: =IF('2. ZWB'!R67=0,'2. ZWB'!Q67,'2. ZWB'!R67) -> 3 | Z82: =IF('3. ZWB'!R67=0,'3. ZWB'!Q67,'3. ZWB'!R67) -> 4 | AC82: =IF(EB!R67=0,EB!Q67,EB!R67) -> 4
C83: Anzahl der Österreicher*innen mit Migrationshintergrund | T83: =IF('1. ZWB'!R68=0,'1. ZWB'!Q68,'1. ZWB'!R68) -> 2 | W83: =IF('2. ZWB'!R68=0,'2. ZWB'!Q68,'2. ZWB'!R68) -> 3 | Z83: =IF('3. ZWB'!R68=0,'3. ZWB'!Q68,'3. ZWB'!R68) -> 4 | AC83: =IF(EB!R68=0,EB!Q68,EB!R68) -> 5
C84: Anzahl der Personen aus der Mehrheitsbevölkerung | T84: =IF('1. ZWB'!R69=0,'1. ZWB'!Q69,'1. ZWB'!R69) -> 0 | W84: =IF('2. ZWB'!R69=0,'2. ZWB'!Q69,'2. ZWB'!R69) -> 0 | Z84: =IF('3. ZWB'!R69=0,'3. ZWB'!Q69,'3. ZWB'!R69) -> 0 | AC84: =IF(EB!R69=0,EB!Q69,EB!R69) -> 0
C85: gesamt | T85: =IF('1. ZWB'!R70=0,'1. ZWB'!Q64,'1. ZWB'!R70) -> 42 | W85: =IF('2. ZWB'!R70=0,'2. ZWB'!Q70,'2. ZWB'!R70) -> 55 | Z85: =IF('3. ZWB'!R70=0,'3. ZWB'!Q70,'3. ZWB'!R70) -> 74 | AC85: =IF(EB!R70=0,EB!Q70,EB!R70) -> 82
C86: Projektteilnehmende nach Alter
C87: Anzahl der Personen von 0 - 6 Jahre | I87: Für diese Indikatoren ist nur Spalte D und ggf. E zu befüllen. | T87: =IF('1. ZWB'!R72=0,'1. ZWB'!Q72,'1. ZWB'!R72) -> 0 | U87: ='1. ZWB'!S72 -> 0 | W87: =IF('2. ZWB'!R72=0,'2. ZWB'!Q72,'2. ZWB'!R72) -> 0 | X87: ='2. ZWB'!S72 -> 0 | Z87: =IF('3. ZWB'!R72=0,'3. ZWB'!Q72,'3. ZWB'!R72) -> 0 | AA87: ='3. ZWB'!S72 -> 0 | AC87: =IF(EB!R72=0,EB!Q72,EB!R72) -> 0 | AD87: =EB!S72 -> 0
C88: Anzahl der Personen von 6 - 10 Jahre | T88: =IF('1. ZWB'!R73=0,'1. ZWB'!Q73,'1. ZWB'!R73) -> 0 | U88: ='1. ZWB'!S73 -> 0 | W88: =IF('2. ZWB'!R73=0,'2. ZWB'!Q73,'2. ZWB'!R73) -> 0 | X88: ='2. ZWB'!S73 -> 0 | Z88: =IF('3. ZWB'!R73=0,'3. ZWB'!Q73,'3. ZWB'!R73) -> 0 | AA88: ='3. ZWB'!S73 -> 0 | AC88: =IF(EB!R73=0,EB!Q73,EB!R73) -> 0 | AD88: =EB!S73 -> 0
C89: Anzahl der Personen von 10 - 14 Jahre | T89: =IF('1. ZWB'!R74=0,'1. ZWB'!Q74,'1. ZWB'!R74) -> 0 | U89: ='1. ZWB'!S74 -> 0 | W89: =IF('2. ZWB'!R74=0,'2. ZWB'!Q74,'2. ZWB'!R74) -> 0 | X89: ='2. ZWB'!S74 -> 0 | Z89: =IF('3. ZWB'!R74=0,'3. ZWB'!Q74,'3. ZWB'!R74) -> 0 | AA89: ='3. ZWB'!S74 -> 0 | AC89: =IF(EB!R74=0,EB!Q74,EB!R74) -> 0 | AD89: =EB!S74 -> 0
C90: Anzahl der Personen von 14 -18 Jahre | T90: =IF('1. ZWB'!R75=0,'1. ZWB'!Q75,'1. ZWB'!R75) -> 2 | U90: ='1. ZWB'!S75 -> 0 | W90: =IF('2. ZWB'!R75=0,'2. ZWB'!Q75,'2. ZWB'!R75) -> 6 | X90: ='2. ZWB'!S75 -> 0 | Z90: =IF('3. ZWB'!R75=0,'3. ZWB'!Q75,'3. ZWB'!R75) -> 9 | AA90: ='3. ZWB'!S75 -> 0 | AC90: =IF(EB!R75=0,EB!Q75,EB!R75) -> 10 | AD90: =EB!S75 -> 0
C91: Anzahl der Personen von 18 -30 Jahre | T91: =IF('1. ZWB'!R76=0,'1. ZWB'!Q76,'1. ZWB'!R76) -> 23 | U91: ='1. ZWB'!S76 -> 0 | W91: =IF('2. ZWB'!R76=0,'2. ZWB'!Q76,'2. ZWB'!R76) -> 29 | X91: ='2. ZWB'!S76 -> 0 | Z91: =IF('3. ZWB'!R76=0,'3. ZWB'!Q76,'3. ZWB'!R76) -> 40 | AA91: ='3. ZWB'!S76 -> 0 | AC91: =IF(EB!R76=0,EB!Q76,EB!R76) -> 45 | AD91: =EB!S76 -> 0
C92: Anzahl der Personen über 30 Jahre | T92: =IF('1. ZWB'!R77=0,'1. ZWB'!Q77,'1. ZWB'!R77) -> 17 | U92: ='1. ZWB'!S77 -> 0 | W92: =IF('2. ZWB'!R77=0,'2. ZWB'!Q77,'2. ZWB'!R77) -> 20 | X92: ='2. ZWB'!S77 -> 0 | Z92: =IF('3. ZWB'!R77=0,'3. ZWB'!Q77,'3. ZWB'!R77) -> 25 | AA92: ='3. ZWB'!S77 -> 0 | AC92: =IF(EB!R77=0,EB!Q77,EB!R77) -> 27 | AD92: =EB!S77 -> 0
C93: gesamt | D93: =SUM(D87:D92) -> 0 | E93: =SUM(E87:E92) -> 0 | T93: =IF('1. ZWB'!R78=0,'1. ZWB'!Q78,'1. ZWB'!R78) -> 42 | U93: ='1. ZWB'!S78 -> 0 | W93: =IF('2. ZWB'!R78=0,'2. ZWB'!Q78,'2. ZWB'!R78) -> 55 | X93: ='2. ZWB'!S78 -> 0 | Z93: =IF('3. ZWB'!R78=0,'3. ZWB'!Q78,'3. ZWB'!R78) -> 74 | AA93: ='3. ZWB'!S78 -> 0 | AC93: =IF(EB!R78=0,EB!Q78,EB!R78) -> 82 | AD93: =EB!S78 -> 0
C94: Projektteilnehmende nach Geschlecht
C95: Anzahl der Frauen | I95: Für diese Indikatoren ist nur Spalte D und ggf. E zu befüllen. | T95: =IF('1. ZWB'!R80=0,'1. ZWB'!Q79,'1. ZWB'!R80) -> 22 | U95: ='1. ZWB'!S80 -> 0 | W95: =IF('2. ZWB'!R80=0,'2. ZWB'!Q80,'2. ZWB'!R80) -> 32 | X95: ='2. ZWB'!S80 -> 0 | Z95: =IF('3. ZWB'!R80=0,'3. ZWB'!Q80,'3. ZWB'!R80) -> 44 | AA95: ='3. ZWB'!S80 -> 0 | AC95: =IF(EB!R80=0,EB!Q80,EB!R80) -> 47 | AD95: =EB!S80 -> 0
C96: Anzahl der Männer | T96: =IF('1. ZWB'!R81=0,'1. ZWB'!Q80,'1. ZWB'!R81) -> 20 | U96: ='1. ZWB'!S81 -> 0 | W96: =IF('2. ZWB'!R81=0,'2. ZWB'!Q81,'2. ZWB'!R81) -> 23 | X96: ='2. ZWB'!S81 -> 0 | Z96: =IF('3. ZWB'!R81=0,'3. ZWB'!Q81,'3. ZWB'!R81) -> 30 | AA96: ='3. ZWB'!S81 -> 0 | AC96: =IF(EB!R81=0,EB!Q81,EB!R81) -> 35 | AD96: =EB!S81 -> 0
C97: Anzahl der Personen - divers | T97: =IF('1. ZWB'!R82=0,'1. ZWB'!Q82,'1. ZWB'!R82) -> 0 | U97: ='1. ZWB'!S82 -> 0 | W97: =IF('2. ZWB'!R82=0,'2. ZWB'!Q82,'2. ZWB'!R82) -> 0 | X97: ='2. ZWB'!S82 -> 0 | Z97: =IF('3. ZWB'!R82=0,'3. ZWB'!Q82,'3. ZWB'!R82) -> 0 | AA97: ='3. ZWB'!S82 -> 0 | AC97: =IF(EB!R82=0,EB!Q82,EB!R82) -> 0 | AD97: =EB!S82 -> 0
C98: Anzahl der Personen - inter | T98: =IF('1. ZWB'!R83=0,'1. ZWB'!Q83,'1. ZWB'!R83) -> 0 | U98: ='1. ZWB'!S83 -> 0 | W98: =IF('2. ZWB'!R83=0,'2. ZWB'!Q83,'2. ZWB'!R83) -> 0 | X98: ='2. ZWB'!S83 -> 0 | Z98: =IF('3. ZWB'!R83=0,'3. ZWB'!Q83,'3. ZWB'!R83) -> 0 | AA98: ='3. ZWB'!S83 -> 0 | AC98: =IF(EB!R83=0,EB!Q83,EB!R83) -> 0 | AD98: =EB!S83 -> 0
C99: Anzahl der Personen - offen | T99: =IF('1. ZWB'!R84=0,'1. ZWB'!Q84,'1. ZWB'!R84) -> 0 | U99: ='1. ZWB'!S84 -> 0 | W99: =IF('2. ZWB'!R84=0,'2. ZWB'!Q84,'2. ZWB'!R84) -> 0 | X99: ='2. ZWB'!S84 -> 0 | Z99: =IF('3. ZWB'!R84=0,'3. ZWB'!Q84,'3. ZWB'!R84) -> 0 | AA99: ='3. ZWB'!S84 -> 0 | AC99: =IF(EB!R84=0,EB!Q84,EB!R84) -> 0 | AD99: =EB!S84 -> 0
C100: Anzahl der Personen - eigene Angaben | T100: =IF('1. ZWB'!R85=0,'1. ZWB'!Q85,'1. ZWB'!R85) -> 0 | U100: ='1. ZWB'!S85 -> 0 | W100: =IF('2. ZWB'!R85=0,'2. ZWB'!Q85,'2. ZWB'!R85) -> 0 | X100: ='2. ZWB'!S85 -> 0 | Z100: =IF('3. ZWB'!R85=0,'3. ZWB'!Q85,'3. ZWB'!R85) -> 0 | AA100: ='3. ZWB'!S85 -> 0 | AC100: =IF(EB!R85=0,EB!Q85,EB!R85) -> 0 | AD100: =EB!S85 -> 0
C101: Anzahl der Personen - keine Angaben | T101: =IF('1. ZWB'!R86=0,'1. ZWB'!Q86,'1. ZWB'!R86) -> 0 | U101: ='1. ZWB'!S86 -> 0 | W101: =IF('2. ZWB'!R86=0,'2. ZWB'!Q86,'2. ZWB'!R86) -> 0 | X101: ='2. ZWB'!S86 -> 0 | Z101: =IF('3. ZWB'!R86=0,'3. ZWB'!Q86,'3. ZWB'!R86) -> 0 | AA101: ='3. ZWB'!S86 -> 0 | AC101: =IF(EB!R86=0,EB!Q86,EB!R86) -> 0 | AD101: =EB!S86 -> 0
C102: gesamt | D102: =SUM(D95:D101) -> 0 | E102: =SUM(E95:E101) -> 0 | T102: =IF('1. ZWB'!R87=0,'1. ZWB'!Q87,'1. ZWB'!R87) -> 42 | U102: ='1. ZWB'!S87 -> 0 | W102: =IF('2. ZWB'!R87=0,'2. ZWB'!Q87,'2. ZWB'!R87) -> 55 | X102: ='2. ZWB'!S87 -> 0 | Z102: =IF('3. ZWB'!R87=0,'3. ZWB'!Q87,'3. ZWB'!R87) -> 74 | AA102: ='3. ZWB'!S87 -> 0 | AC102: =IF(EB!R87=0,EB!Q87,EB!R87) -> 82 | AD102: =EB!S87 -> 0
C103: Anzahl der erstmalig am Projekt teilnehmenden Personen | D103: =SUM(I103:R103) -> 0 | T103: =IF('1. ZWB'!R88=0,'1. ZWB'!Q88,'1. ZWB'!R88) -> 34 | U103: ='1. ZWB'!S88 -> 0 | W103: =IF('2. ZWB'!R88=0,'2. ZWB'!Q88,'2. ZWB'!R88) -> 43 | X103: ='2. ZWB'!S88 -> 0 | Z103: =IF('3. ZWB'!R88=0,'3. ZWB'!Q88,'3. ZWB'!R88) -> 61 | AA103: ='3. ZWB'!S88 -> 0 | AC103: =IF(EB!R88=0,EB!Q88,EB!R88) -> 69 | AD103: =EB!S88 -> 0
C105: Wirkungsindikatoren | D105: Anzahl SOLL | E105: Anzahl SOLL berichtigt lt. Vertrag | F105: Anmerkungen (lt. Projektbeschreibung) | I105: M 1 | J105: M 2 | K105: M 3 | L105: M 4 | M105: M 5 | N105: M 6 | O105: M 7 | P105: M 8 | Q105: M 9 | R105: M 10 | T105: IST bis 1. ZWB | U105: Erfüllt in % | W105: IST bis 2. ZWB | X105: Erfüllt in % | Z105: IST bis 3. ZWB | AA105: Erfüllt in % | AC105: IST bis EB | AD105: Erfüllt in %
C106: Anzahl der MultiplikatorInnen mit konkreter Aktivität bis zwei Monate nach Projektteilnahme | D106: =SUM(I106:R106) -> 0 | T106: =IF('1. ZWB'!R91=0,'1. ZWB'!Q91,'1. ZWB'!R91) -> 0 | U106: ='1. ZWB'!S91 -> 0 | W106: =IF('2. ZWB'!R91=0,'2. ZWB'!Q91,'2. ZWB'!R91) -> 0 | X106: ='2. ZWB'!S91 -> 0 | Z106: =IF('3. ZWB'!R91=0,'3. ZWB'!Q91,'3. ZWB'!R91) -> 0 | AA106: ='3. ZWB'!S91 -> 0 | AC106: =IF(EB!R91=0,EB!Q91,EB!R91) -> 0 | AD106: =EB!S91 -> 0
...

Sheet Drop Down
A1: Wählen Sie ein Bundesland aus:
A2: Burgenland
A3: Kärnten
A4: Niederösterreich
A5: Oberösterreich
A6: Salzburg
A7: Steiermark
A8: Tirol
A9: Vorarlberg
A10: Wien

Sheet 1. ZWB
C4: Zeitraum des Indikatorenberichts | I4: Angaben zum Projekt
C5: von | D5: =L5 -> 45292 | I5: Laufzeit Beginn | L5: =IF('Overview IB'!D9="","",'Overview IB'!D9) -> 45292
C6: bis | D6: 45473 | I6: Laufzeit Ende | L6: =IF('Overview IB'!D10="","",'Overview IB'!D10) -> 46022
C7: Anteil an Laufzeit | D7: =IF(OR(D5="",L7="befüllt sich automatisch"),0,((D6-D5)/30)/L7) -> 0.24794521 | I7: Projektdauer in Monaten | L7: =IF(IF(OR(L6="",L5=""),"",(L6-L5)/30)="","befüllt sich automatisch",IF(OR(L6="",L5=""),"",(L6-L5)/30)) -> 24.333333
C9: Zielindikatoren | D9: Anzahl SOLL lt. Vertrag | E9: Anzahl SOLL berichtigt lt. Vertrag | F9: Maßnahmen Soll lt. Vertrag | Q9: Anzahl IST - gesamt | R9: Anzahl IST - gesamt - berichtigt | S9: Erfüllt in % | T9: allgemeine Anmerkungen zu den IST-Indikatoren | U9: Maßnahmen IST lt. Vertrag
F10: M 1 | G10: M 2 | H10: M 3 | I10: M 4 | J10: M 5 | K10: M 6 | L10: M 7 | M10: M 8 | N10: M 9 | O10: M 10 | U10: M 1 | V10: M 2 | W10: M 3 | X10: M 4 | Y10: M 5 | Z10: M 6 | AA10: M 7 | AB10: M 8 | AC10: M 9 | AD10: M 10
C11: Anzahl der Projektteilnehmenden gesamt | D11: ='Overview IB'!D26 -> 194 | E11: ='Overview IB'!E26 -> 72 | F11: ='Overview IB'!I26 -> 72 | G11: ='Overview IB'!J26 -> 72 | H11: ='Overview IB'!K26 -> 50 | I11: ='Overview IB'!L26 -> 0 | J11: ='Overview IB'!M26 -> 0 | K11: ='Overview IB'!N26 -> 0 | L11: ='Overview IB'!O26 -> 0 | M11: ='Overview IB'!P26 -> 0 | ... O11: ='Overview IB'!R26 -> 0 | Q11: =SUM(U11:AD11) -> 0 | R11: 42 | S11: =IF(D11=0,0,IF(E11=0,IF(R11=0,Q11/D11,R11/D11),IF(R11=0,Q11/E11,R11/E11))) -> 0.58333333
C12: Anzahl der verfügbaren Plätze im Projekt | D12: ='Overview IB'!D27 -> 194 | E12: ='Overview IB'!E27 -> 72 | F12: ='Overview IB'!I27 -> 72 | G12: ='Overview IB'!J27 -> 72 | H12: ='Overview IB'!K27 -> 50 | I12: ='Overview IB'!L27 -> 0 | J12: ='Overview IB'!M27 -> 0 | K12: ='Overview IB'!N27 -> 0 | L12: ='Overview IB'!O27 -> 0 | M12: ='Overview IB'!P27 -> 0 | ... O12: ='Overview IB'!R27 -> 0 | Q12: =SUM(U12:AD12) -> 0 | R12: 42 | S12: =IF(D12=0,0,IF(E12=0,IF(R12=0,Q12/D12,R12/D12),IF(R12=0,Q12/E12,R12/E12))) -> 0.58333333
C13: Anzahl der Standorte, an denen die Maßnahmen durchgeführt werden | D13: ='Overview IB'!D28 -> 3 | E13: ='Overview IB'!E28 -> 1 | F13: ='Overview IB'!I28 -> 1 | G13: ='Overview IB'!J28 -> 1 | H13: ='Overview IB'!K28 -> 1 | I13: ='Overview IB'!L28 -> 0 | J13: ='Overview IB'!M28 -> 0 | K13: ='Overview IB'!N28 -> 0 | L13: ='Overview IB'!O28 -> 0 | M13: ='Overview IB'!P28 -> 0 | ... O13: ='Overview IB'!R28 -> 0 | Q13: =SUM(U13:AD13) -> 0 | R13: 1 | S13: =IF(D13=0,0,IF(E13=0,IF(R13=0,Q13/D13,R13/D13),IF(R13=0,Q13/E13,R13/E13))) -> 1
C14: Bereich Veranstaltungen | D14: Anzahl SOLL | E14: Anzahl SOLL berichtigt | F14: M 1 | G14: M 2 | H14: M 3 | I14: M 4 | J14: M 5 | K14: M 6 | L14: M 7 | M14: M 8 | N14: M 9 | O14: M 10 | Q14: IST | R14: IST berichtigt | S14: Erfüllt in % | T14: Anmerkungen | U14: M 1 | V14: M 2 | W14: M 3 | X14: M 4 | Y14: M 5 | Z14: M 6 | AA14: M 7 | AB14: M 8 | AC14: M 9 | AD14: M 10
C15: Anzahl der Veranstaltungen | D15: ='Overview IB'!D30 -> 0 | E15: ='Overview IB'!E30 -> 0 | F15: ='Overview IB'!I30 -> 0 | G15: ='Overview IB'!J30 -> 0 | H15: ='Overview IB'!K30 -> 0 | I15: ='Overview IB'!L30 -> 0 | J15: ='Overview IB'!M30 -> 0 | K15: ='Overview IB'!N30 -> 0 | L15: ='Overview IB'!O30 -> 0 | M15: ='Overview IB'!P30 -> 0 | ... O15: ='Overview IB'!R30 -> 0 | Q15: =SUM(U15:AD15) -> 0 | S15: =IF(D15=0,0,IF(E15=0,IF(R15=0,Q15/D15,R15/D15),IF(R15=0,Q15/E15,R15/E15))) -> 0
C16: Anzahl der Veranstaltungsteilnehmenden gesamt | D16: ='Overview IB'!D31 -> 0 | E16: ='Overview IB'!E31 -> 0 | F16: ='Overview IB'!I31 -> 0 | G16: ='Overview IB'!J31 -> 0 | H16: ='Overview IB'!K31 -> 0 | I16: ='Overview IB'!L31 -> 0 | J16: ='Overview IB'!M31 -> 0 | K16: ='Overview IB'!N31 -> 0 | L16: ='Overview IB'!O31 -> 0 | M16: ='Overview IB'!P31 -> 0 | ... O16: ='Overview IB'!R31 -> 0 | Q16: =SUM(U16:AD16) -> 0 | S16: =IF(D16=0,0,IF(E16=0,IF(R16=0,Q16/D16,R16/D16),IF(R16=0,Q16/E16,R16/E16))) -> 0
C17: Anzahl der Kurse/Workshops/Trainings | D17: ='Overview IB'!D32 -> 0 | E17: ='Overview IB'!E32 -> 0 | F17: ='Overview IB'!I32 -> 0 | G17: ='Overview IB'!J32 -> 0 | H17: ='Overview IB'!K32 -> 0 | I17: ='Overview IB'!L32 -> 0 | J17: ='Overview IB'!M32 -> 0 | K17: ='Overview IB'!N32 -> 0 | L17: ='Overview IB'!O32 -> 0 | M17: ='Overview IB'!P32 -> 0 | ... O17: ='Overview IB'!R32 -> 0 | Q17: =SUM(U17:AD17) -> 0 | S17: =IF(D17=0,0,IF(E17=0,IF(R17=0,Q17/D17,R17/D17),IF(R17=0,Q17/E17,R17/E17))) -> 0
C18: Anzahl der Teilnehmenden an Kursen/Workshops/ Trainings | D18: ='Overview IB'!D33 -> 0 | E18: ='Overview IB'!E33 -> 0 | F18: ='Overview IB'!I33 -> 0 | G18: ='Overview IB'!J33 -> 0 | H18: ='Overview IB'!K33 -> 0 | I18: ='Overview IB'!L33 -> 0 | J18: ='Overview IB'!M33 -> 0 | K18: ='Overview IB'!N33 -> 0 | L18: ='Overview IB'!O33 -> 0 | M18: ='Overview IB'!P33 -> 0 | ... O18: ='Overview IB'!R33 -> 0 | Q18: =SUM(U18:AD18) -> 0 | S18: =IF(D18=0,0,IF(E18=0,IF(R18=0,Q18/D18,R18/D18),IF(R18=0,Q18/E18,R18/E18))) -> 0
C19: Anzahl der Kurs-, Workshop- bzw. Trainingsstunden | D19: ='Overview IB'!D34 -> 0 | E19: ='Overview IB'!E34 -> 0 | F19: ='Overview IB'!I34 -> 0 | G19: ='Overview IB'!J34 -> 0 | H19: ='Overview IB'!K34 -> 0 | I19: ='Overview IB'!L34 -> 0 | J19: ='Overview IB'!M34 -> 0 | K19: ='Overview IB'!N34 -> 0 | L19: ='Overview IB'!O34 -> 0 | M19: ='Overview IB'!P34 -> 0 | ... O19: ='Overview IB'!R34 -> 0 | Q19: =SUM(U19:AD19) -> 0 | S19: =IF(D19=0,0,IF(E19=0,IF(R19=0,Q19/D19,R19/D19),IF(R19=0,Q19/E19,R19/E19))) -> 0
C20: Bereich Beratung | D20: Anzahl SOLL | E20: Anzahl SOLL berichtigt | F20: M 1 | G20: M 2 | H20: M 3 | I20: M 4 | J20: M 5 | K20: M 6 | L20: M 7 | M20: M 8 | N20: M 9 | O20: M 10 | Q20: IST | R20: IST berichtigt | S20: Erfüllt in % | T20: Anmerkungen | U20: M 1 | V20: M 2 | W20: M 3 | X20: M 4 | Y20: M 5 | Z20: M 6 | AA20: M 7 | AB20: M 8 | AC20: M 9 | AD20: M 10
C21: Anzahl der Einzelberatungen bzw. -betreuung | D21: ='Overview IB'!D36 -> 0 | E21: ='Overview IB'!E36 -> 0 | F21: ='Overview IB'!I36 -> 0 | G21: ='Overview IB'!J36 -> 0 | H21: ='Overview IB'!K36 -> 0 | I21: ='Overview IB'!L36 -> 0 | J21: ='Overview IB'!M36 -> 0 | K21: ='Overview IB'!N36 -> 0 | L21: ='Overview IB'!O36 -> 0 | M21: ='Overview IB'!P36 -> 0 | ... O21: ='Overview IB'!R36 -> 0 | Q21: =SUM(U21:AD21) -> 0 | S21: =IF(D21=0,0,IF(E21=0,IF(R21=0,Q21/D21,R21/D21),IF(R21=0,Q21/E21,R21/E21))) -> 0
C22: Anzahl der in Einzelberatung beratenen, betreuten oder gecoachten Personen | D22: ='Overview IB'!D37 -> 144 | E22: ='Overview IB'!E37 -> 72 | F22: ='Overview IB'!I37 -> 72 | G22: ='Overview IB'!J37 -> 72 | H22: ='Overview IB'!K37 -> 0 | I22: ='Overview IB'!L37 -> 0 | J22: ='Overview IB'!M37 -> 0 | K22: ='Overview IB'!N37 -> 0 | L22: ='Overview IB'!O37 -> 0 | M22: ='Overview IB'!P37 -> 0 | ... O22: ='Overview IB'!R37 -> 0 | Q22: =SUM(U22:AD22) -> 0 | R22: 42 | S22: =IF(D22=0,0,IF(E22=0,IF(R22=0,Q22/D22,R22/D22),IF(R22=0,Q22/E22,R22/E22))) -> 0.58333333
C23: Anzahl der Einzelberatungs-/Betreuungs-/ Coachingstunden | D23: ='Overview IB'!D38 -> 1170 | E23: ='Overview IB'!E38 -> 1170 | F23: ='Overview IB'!I38 -> 360 | G23: ='Overview IB'!J38 -> 810 | H23: ='Overview IB'!K38 -> 0 | I23: ='Overview IB'!L38 -> 0 | J23: ='Overview IB'!M38 -> 0 | K23: ='Overview IB'!N38 -> 0 | L23: ='Overview IB'!O38 -> 0 | M23: ='Overview IB'!P38 -> 0 | ... O23: ='Overview IB'!R38 -> 0 | Q23: =SUM(U23:AD23) -> 0 | R23: 311 | S23: =IF(D23=0,0,IF(E23=0,IF(R23=0,Q23/D23,R23/D23),IF(R23=0,Q23/E23,R23/E23))) -> 0.26581197
C24: Anzahl der Gruppenberatungen bzw. -betreuung (min 3 Personen) | D24: ='Overview IB'!D39 -> 0 | E24: ='Overview IB'!E39 -> 0 | F24: ='Overview IB'!I39 -> 0 | G24: ='Overview IB'!J39 -> 0 | H24: ='Overview IB'!K39 -> 0 | I24: ='Overview IB'!L39 -> 0 | J24: ='Overview IB'!M39 -> 0 | K24: ='Overview IB'!N39 -> 0 | L24: ='Overview IB'!O39 -> 0 | M24: ='Overview IB'!P39 -> 0 | ... O24: ='Overview IB'!R39 -> 0 | Q24: =SUM(U24:AD24) -> 0 | S24: =IF(D24=0,0,IF(E24=0,IF(R24=0,Q24/D24,R24/D24),IF(R24=0,Q24/E24,R24/E24))) -> 0
C25: Anzahl der in Gruppenberatung beratenen oder betreuten Personen | D25: ='Overview IB'!D40 -> 50 | E25: ='Overview IB'!E40 -> 50 | F25: ='Overview IB'!I40 -> 0 | G25: ='Overview IB'!J40 -> 0 | H25: ='Overview IB'!K40 -> 50 | I25: ='Overview IB'!L40 -> 0 | J25: ='Overview IB'!M40 -> 0 | K25: ='Overview IB'!N40 -> 0 | L25: ='Overview IB'!O40 -> 0 | M25: ='Overview IB'!P40 -> 0 | ... O25: ='Overview IB'!R40 -> 0 | Q25: =SUM(U25:AD25) -> 0 | R25: 33 | S25: =IF(D25=0,0,IF(E25=0,IF(R25=0,Q25/D25,R25/D25),IF(R25=0,Q25/E25,R25/E25))) -> 0.66
C26: Anzahl der Gruppenberatungs-/Betreuungsstunden | D26: ='Overview IB'!D41 -> 540 | E26: ='Overview IB'!E41 -> 540 | F26: ='Overview IB'!I41 -> 0 | G26: ='Overview IB'!J41 -> 0 | H26: ='Overview IB'!K41 -> 540 | I26: ='Overview IB'!L41 -> 0 | J26: ='Overview IB'!M41 -> 0 | K26: ='Overview IB'!N41 -> 0 | L26: ='Overview IB'!O41 -> 0 | M26: ='Overview IB'!P41 -> 0 | ... O26: ='Overview IB'!R41 -> 0 | Q26: =SUM(U26:AD26) -> 0 | R26: 192 | S26: =IF(D26=0,0,IF(E26=0,IF(R26=0,Q26/D26,R26/D26),IF(R26=0,Q26/E26,R26/E26))) -> 0.35555556
C27: Anzahl der Familienberatungen (pro Familie) | D27: ='Overview IB'!D42 -> 0 | E27: ='Overview IB'!E42 -> 0 | F27: ='Overview IB'!I42 -> 0 | G27: ='Overview IB'!J42 -> 0 | H27: ='Overview IB'!K42 -> 0 | I27: ='Overview IB'!L42 -> 0 | J27: ='Overview IB'!M42 -> 0 | K27: ='Overview IB'!N42 -> 0 | L27: ='Overview IB'!O42 -> 0 | M27: ='Overview IB'!P42 -> 0 | ... O27: ='Overview IB'!R42 -> 0 | Q27: =SUM(U27:AD27) -> 0 | S27: =IF(D27=0,0,IF(E27=0,IF(R27=0,Q27/D27,R27/D27),IF(R27=0,Q27/E27,R27/E27))) -> 0
C28: Anzahl der familienberatenen oder betreuten Personen | D28: ='Overview IB'!D43 -> 0 | E28: ='Overview IB'!E43 -> 0 | F28: ='Overview IB'!I43 -> 0 | G28: ='Overview IB'!J43 -> 0 | H28: ='Overview IB'!K43 -> 0 | I28: ='Overview IB'!L43 -> 0 | J28: ='Overview IB'!M43 -> 0 | K28: ='Overview IB'!N43 -> 0 | L28: ='Overview IB'!O43 -> 0 | M28: ='Overview IB'!P43 -> 0 | ... O28: ='Overview IB'!R43 -> 0 | Q28: =SUM(U28:AD28) -> 0 | S28: =IF(D28=0,0,IF(E28=0,IF(R28=0,Q28/D28,R28/D28),IF(R28=0,Q28/E28,R28/E28))) -> 0
C29: Anzahl der Beratungs-/Betreuungsstunden für Familien | D29: ='Overview IB'!D44 -> 0 | E29: ='Overview IB'!E44 -> 0 | F29: ='Overview IB'!I44 -> 0 | G29: ='Overview IB'!J44 -> 0 | H29: ='Overview IB'!K44 -> 0 | I29: ='Overview IB'!L44 -> 0 | J29: ='Overview IB'!M44 -> 0 | K29: ='Overview IB'!N44 -> 0 | L29: ='Overview IB'!O44 -> 0 | M29: ='Overview IB'!P44 -> 0 | ... O29: ='Overview IB'!R44 -> 0 | Q29: =SUM(U29:AD29) -> 0 | S29: =IF(D29=0,0,IF(E29=0,IF(R29=0,Q29/D29,R29/D29),IF(R29=0,Q29/E29,R29/E29))) -> 0
C30: Anzahl der Hausbesuche | D30: ='Overview IB'!D45 -> 0 | E30: ='Overview IB'!E45 -> 0 | F30: ='Overview IB'!I45 -> 0 | G30: ='Overview IB'!J45 -> 0 | H30: ='Overview IB'!K45 -> 0 | I30: ='Overview IB'!L45 -> 0 | J30: ='Overview IB'!M45 -> 0 | K30: ='Overview IB'!N45 -> 0 | L30: ='Overview IB'!O45 -> 0 | M30: ='Overview IB'!P45 -> 0 | ... O30: ='Overview IB'!R45 -> 0 | Q30: =SUM(U30:AD30) -> 0 | S30: =IF(D30=0,0,IF(E30=0,IF(R30=0,Q30/D30,R30/D30),IF(R30=0,Q30/E30,R30/E30))) -> 0
C31: Anzahl besuchter Haushalte | D31: ='Overview IB'!D46 -> 0 | E31: ='Overview IB'!E46 -> 0 | F31: ='Overview IB'!I46 -> 0 | G31: ='Overview IB'!J46 -> 0 | H31: ='Overview IB'!K46 -> 0 | I31: ='Overview IB'!L46 -> 0 | J31: ='Overview IB'!M46 -> 0 | K31: ='Overview IB'!N46 -> 0 | L31: ='Overview IB'!O46 -> 0 | M31: ='Overview IB'!P46 -> 0 | ... O31: ='Overview IB'!R46 -> 0 | Q31: =SUM(U31:AD31) -> 0 | S31: =IF(D31=0,0,IF(E31=0,IF(R31=0,Q31/D31,R31/D31),IF(R31=0,Q31/E31,R31/E31))) -> 0
C32: Anzahl besuchter Personen | D32: ='Overview IB'!D47 -> 0 | E32: ='Overview IB'!E47 -> 0 | F32: ='Overview IB'!I47 -> 0 | G32: ='Overview IB'!J47 -> 0 | H32: ='Overview IB'!K47 -> 0 | I32: ='Overview IB'!L47 -> 0 | J32: ='Overview IB'!M47 -> 0 | K32: ='Overview IB'!N47 -> 0 | L32: ='Overview IB'!O47 -> 0 | M32: ='Overview IB'!P47 -> 0 | ... O32: ='Overview IB'!R47 -> 0 | Q32: =SUM(U32:AD32) -> 0 | S32: =IF(D32=0,0,IF(E32=0,IF(R32=0,Q32/D32,R32/D32),IF(R32=0,Q32/E32,R32/E32))) -> 0
C33: Bereich Sprache | D33: Anzahl SOLL | E33: Anzahl SOLL berichtigt | F33: M 1 | G33: M 2 | H33: M 3 | I33: M 4 | J33: M 5 | K33: M 6 | L33: M 7 | M33: M 8 | N33: M 9 | O33: M 10 | Q33: IST | R33: IST berichtigt | S33: Erfüllt in % | T33: Anmerkungen | U33: M 1 | V33: M 2 | W33: M 3 | X33: M 4 | Y33: M 5 | Z33: M 6 | AA33: M 7 | AB33: M 8 | AC33: M 9 | AD33: M 10
C34: Anzahl der Fachsprach- bzw. Sprachkurse gesamt | D34: ='Overview IB'!D49 -> 0 | E34: ='Overview IB'!E49 -> 0 | F34: ='Overview IB'!I49 -> 0 | G34: ='Overview IB'!J49 -> 0 | H34: ='Overview IB'!K49 -> 0 | I34: ='Overview IB'!L49 -> 0 | J34: ='Overview IB'!M49 -> 0 | K34: ='Overview IB'!N49 -> 0 | L34: ='Overview IB'!O49 -> 0 | M34: ='Overview IB'!P49 -> 0 | ... O34: ='Overview IB'!R49 -> 0 | Q34: =SUM(Q35:Q39) -> 0 | R34: =SUM(R35:R39) -> 0 | S34: =IF(D34=0,0,IF(E34=0,IF(R34=0,Q34/D34,R34/D34),IF(R34=0,Q34/E34,R34/E34))) -> 0 | U34: =SUM(U35:U39) -> 0 | V34: =SUM(V35:V39) -> 0 | W34: =SUM(W35:W39) -> 0 | X34: =SUM(X35:X39) -> 0 | Y34: =SUM(Y35:Y39) -> 0 | Z34: =SUM(Z35:Z39) -> 0 | AA34: =SUM(AA35:AA39) -> 0 | AB34: =SUM(AB35:AB39) -> 0 | ... AD34: =SUM(AD35:AD39) -> 0
C35: davon Alphabetisierung | D35: ='Overview IB'!D50 -> 0 | E35: ='Overview IB'!E50 -> 0 | F35: ='Overview IB'!I50 -> 0 | G35: ='Overview IB'!J50 -> 0 | H35: ='Overview IB'!K50 -> 0 | I35: ='Overview IB'!L50 -> 0 | J35: ='Overview IB'!M50 -> 0 | K35: ='Overview IB'!N50 -> 0 | L35: ='Overview IB'!O50 -> 0 | M35: ='Overview IB'!P50 -> 0 | ... O35: ='Overview IB'!R50 -> 0 | Q35: =SUM(U35:AD35) -> 0 | S35: =IF(D35=0,0,IF(E35=0,IF(R35=0,Q35/D35,R35/D35),IF(R35=0,Q35/E35,R35/E35))) -> 0
C36: davon A1 | D36: ='Overview IB'!D51 -> 0 | E36: ='Overview IB'!E51 -> 0 | F36: ='Overview IB'!I51 -> 0 | G36: ='Overview IB'!J51 -> 0 | H36: ='Overview IB'!K51 -> 0 | I36: ='Overview IB'!L51 -> 0 | J36: ='Overview IB'!M51 -> 0 | K36: ='Overview IB'!N51 -> 0 | L36: ='Overview IB'!O51 -> 0 | M36: ='Overview IB'!P51 -> 0 | ... O36: ='Overview IB'!R51 -> 0 | Q36: =SUM(U36:AD36) -> 0 | S36: =IF(D36=0,0,IF(E36=0,IF(R36=0,Q36/D36,R36/D36),IF(R36=0,Q36/E36,R36/E36))) -> 0
C37: davon A2 | D37: ='Overview IB'!D52 -> 0 | E37: ='Overview IB'!E52 -> 0 | F37: ='Overview IB'!I52 -> 0 | G37: ='Overview IB'!J52 -> 0 | H37: ='Overview IB'!K52 -> 0 | I37: ='Overview IB'!L52 -> 0 | J37: ='Overview IB'!M52 -> 0 | K37: ='Overview IB'!N52 -> 0 | L37: ='Overview IB'!O52 -> 0 | M37: ='Overview IB'!P52 -> 0 | ... O37: ='Overview IB'!R52 -> 0 | Q37: =SUM(U37:AD37) -> 0 | S37: =IF(D37=0,0,IF(E37=0,IF(R37=0,Q37/D37,R37/D37),IF(R37=0,Q37/E37,R37/E37))) -> 0
C38: davon B1 | D38: ='Overview IB'!D53 -> 0 | E38: ='Overview IB'!E53 -> 0 | F38: ='Overview IB'!I53 -> 0 | G38: ='Overview IB'!J53 -> 0 | H38: ='Overview IB'!K53 -> 0 | I38: ='Overview IB'!L53 -> 0 | J38: ='Overview IB'!M53 -> 0 | K38: ='Overview IB'!N53 -> 0 | L38: ='Overview IB'!O53 -> 0 | M38: ='Overview IB'!P53 -> 0 | ... O38: ='Overview IB'!R53 -> 0 | Q38: =SUM(U38:AD38) -> 0 | S38: =IF(D38=0,0,IF(E38=0,IF(R38=0,Q38/D38,R38/D38),IF(R38=0,Q38/E38,R38/E38))) -> 0
C39: davon B2 | D39: ='Overview IB'!D54 -> 0 | E39: ='Overview IB'!E54 -> 0 | F39: ='Overview IB'!I54 -> 0 | G39: ='Overview IB'!J54 -> 0 | H39: ='Overview IB'!K54 -> 0 | I39: ='Overview IB'!L54 -> 0 | J39: ='Overview IB'!M54 -> 0 | K39: ='Overview IB'!N54 -> 0 | L39: ='Overview IB'!O54 -> 0 | M39: ='Overview IB'!P54 -> 0 | ... O39: ='Overview IB'!R54 -> 0 | Q39: =SUM(U39:AD39) -> 0 | S39: =IF(D39=0,0,IF(E39=0,IF(R39=0,Q39/D39,R39/D39),IF(R39=0,Q39/E39,R39/E39))) -> 0
C40: Anzahl der Fachsprach- bzw. Sprachkursplätze gesamt | D40: ='Overview IB'!D55 -> 0 | E40: ='Overview IB'!E55 -> 0 | F40: ='Overview IB'!I55 -> 0 | G40: ='Overview IB'!J55 -> 0 | H40: ='Overview IB'!K55 -> 0 | I40: ='Overview IB'!L55 -> 0 | J40: ='Overview IB'!M55 -> 0 | K40: ='Overview IB'!N55 -> 0 | L40: ='Overview IB'!O55 -> 0 | M40: ='Overview IB'!P55 -> 0 | ... O40: ='Overview IB'!R55 -> 0 | Q40: =SUM(U40:AD40) -> 0 | S40: =IF(D40=0,0,IF(E40=0,IF(R40=0,Q40/D40,R40/D40),IF(R40=0,Q40/E40,R40/E40))) -> 0
C41: Anzahl der Fachsprach- bzw. Sprachkursteilnehmenden gesamt | D41: ='Overview IB'!D56 -> 0 | E41: ='Overview IB'!E56 -> 0 | F41: ='Overview IB'!I56 -> 0 | G41: ='Overview IB'!J56 -> 0 | H41: ='Overview IB'!K56 -> 0 | I41: ='Overview IB'!L56 -> 0 | J41: ='Overview IB'!M56 -> 0 | K41: ='Overview IB'!N56 -> 0 | L41: ='Overview IB'!O56 -> 0 | M41: ='Overview IB'!P56 -> 0 | ... O41: ='Overview IB'!R56 -> 0 | Q41: =SUM(U41:AD41) -> 0 | S41: =IF(D41=0,0,IF(E41=0,IF(R41=0,Q41/D41,R41/D41),IF(R41=0,Q41/E41,R41/E41))) -> 0
C42: Anzahl der Unterrichtseinheiten gesamt | D42: ='Overview IB'!D57 -> 0 | E42: ='Overview IB'!E57 -> 0 | F42: ='Overview IB'!I57 -> 0 | G42: ='Overview IB'!J57 -> 0 | H42: ='Overview IB'!K57 -> 0 | I42: ='Overview IB'!L57 -> 0 | J42: ='Overview IB'!M57 -> 0 | K42: ='Overview IB'!N57 -> 0 | L42: ='Overview IB'!O57 -> 0 | M42: ='Overview IB'!P57 -> 0 | ... O42: ='Overview IB'!R57 -> 0 | Q42: =SUM(U42:AD42) -> 0 | S42: =IF(D42=0,0,IF(E42=0,IF(R42=0,Q42/D42,R42/D42),IF(R42=0,Q42/E42,R42/E42))) -> 0
C43: Anzahl der Teilnehmenden an einer zertifizierten Abschlussprüfung | D43: ='Overview IB'!D58 -> 0 | E43: ='Overview IB'!E58 -> 0 | F43: ='Overview IB'!I58 -> 0 | G43: ='Overview IB'!J58 -> 0 | H43: ='Overview IB'!K58 -> 0 | I43: ='Overview IB'!L58 -> 0 | J43: ='Overview IB'!M58 -> 0 | K43: ='Overview IB'!N58 -> 0 | L43: ='Overview IB'!O58 -> 0 | M43: ='Overview IB'!P58 -> 0 | ... O43: ='Overview IB'!R58 -> 0 | Q43: =SUM(U43:AD43) -> 0 | S43: =IF(D43=0,0,IF(E43=0,IF(R43=0,Q43/D43,R43/D43),IF(R43=0,Q43/E43,R43/E43))) -> 0
C44: Anteil der Teilnehmenden mit positiv absolvierter, zertifizierter Abschlussprüfung | D44: ='Overview IB'!D59 -> 0 | E44: ='Overview IB'!E59 -> 0 | F44: ='Overview IB'!I59 -> 0 | G44: ='Overview IB'!J59 -> 0 | H44: ='Overview IB'!K59 -> 0 | I44: ='Overview IB'!L59 -> 0 | J44: ='Overview IB'!M59 -> 0 | K44: ='Overview IB'!N59 -> 0 | L44: ='Overview IB'!O59 -> 0 | M44: ='Overview IB'!P59 -> 0 | ... O44: ='Overview IB'!R59 -> 0 | Q44: =SUM(U44:AD44) -> 0 | S44: =IF(D44=0,0,IF(E44=0,IF(R44=0,Q44/D44,R44/D44),IF(R44=0,Q44/E44,R44/E44))) -> 0
C45: davon ÖIF zertifiziert | D45: ='Overview IB'!D60 -> 0 | E45: ='Overview IB'!E60 -> 0 | F45: ='Overview IB'!I60 -> 0 | G45: ='Overview IB'!J60 -> 0 | H45: ='Overview IB'!K60 -> 0 | I45: ='Overview IB'!L60 -> 0 | J45: ='Overview IB'!M60 -> 0 | K45: ='Overview IB'!N60 -> 0 | L45: ='Overview IB'!O60 -> 0 | M45: ='Overview IB'!P60 -> 0 | ... O45: ='Overview IB'!R60 -> 0 | Q45: =SUM(U45:AD45) -> 0 | S45: =IF(D45=0,0,IF(E45=0,IF(R45=0,Q45/D45,R45/D45),IF(R45=0,Q45/E45,R45/E45))) -> 0
C46: Anzahl der niederschwelligen Sprachlerntreffen | D46: ='Overview IB'!D61 -> 0 | E46: ='Overview IB'!E61 -> 0 | F46: ='Overview IB'!I61 -> 0 | G46: ='Overview IB'!J61 -> 0 | H46: ='Overview IB'!K61 -> 0 | I46: ='Overview IB'!L61 -> 0 | J46: ='Overview IB'!M61 -> 0 | K46: ='Overview IB'!N61 -> 0 | L46: ='Overview IB'!O61 -> 0 | M46: ='Overview IB'!P61 -> 0 | ... O46: ='Overview IB'!R61 -> 0 | Q46: =SUM(U46:AD46) -> 0 | S46: =IF(D46=0,0,IF(E46=0,IF(R46=0,Q46/D46,R46/D46),IF(R46=0,Q46/E46,R46/E46))) -> 0
C47: Anzahl der Teilnehmenden an niederschwelligem Sprachlernangebot | D47: ='Overview IB'!D62 -> 0 | E47: ='Overview IB'!E62 -> 0 | F47: ='Overview IB'!I62 -> 0 | G47: ='Overview IB'!J62 -> 0 | H47: ='Overview IB'!K62 -> 0 | I47: ='Overview IB'!L62 -> 0 | J47: ='Overview IB'!M62 -> 0 | K47: ='Overview IB'!N62 -> 0 | L47: ='Overview IB'!O62 -> 0 | M47: ='Overview IB'!P62 -> 0 | ... O47: ='Overview IB'!R62 -> 0 | Q47: =SUM(U47:AD47) -> 0 | S47: =IF(D47=0,0,IF(E47=0,IF(R47=0,Q47/D47,R47/D47),IF(R47=0,Q47/E47,R47/E47))) -> 0
C48: Bereich Sonstige Indikatoren | D48: Anzahl SOLL | E48: Anzahl SOLL berichtigt | F48: M 1 | G48: M 2 | H48: M 3 | I48: M 4 | J48: M 5 | K48: M 6 | L48: M 7 | M48: M 8 | N48: M 9 | O48: M 10 | Q48: IST | R48: IST berichtigt | S48: Erfüllt in % | T48: Anmerkungen | U48: M 1 | V48: M 2 | W48: M 3 | X48: M 4 | Y48: M 5 | Z48: M 6 | AA48: M 7 | AB48: M 8 | AC48: M 9 | AD48: M 10
C49: Anzahl der durchgeführten wissenschaftlichen Studien bzw. begleitenden Berichte oder Evaluierungen | D49: ='Overview IB'!D64 -> 0 | E49: ='Overview IB'!E64 -> 0 | F49: ='Overview IB'!I64 -> 0 | G49: ='Overview IB'!J64 -> 0 | H49: ='Overview IB'!K64 -> 0 | I49: ='Overview IB'!L64 -> 0 | J49: ='Overview IB'!M64 -> 0 | K49: ='Overview IB'!N64 -> 0 | L49: ='Overview IB'!O64 -> 0 | M49: ='Overview IB'!P64 -> 0 | ... O49: ='Overview IB'!R64 -> 0 | Q49: =SUM(U49:AD49) -> 0 | S49: =IF(D49=0,0,IF(E49=0,IF(R49=0,Q49/D49,R49/D49),IF(R49=0,Q49/E49,R49/E49))) -> 0
C50: Anzahl der Ehrenamtlichen | D50: ='Overview IB'!D65 -> 0 | E50: ='Overview IB'!E65 -> 0 | F50: ='Overview IB'!I65 -> 0 | G50: ='Overview IB'!J65 -> 0 | H50: ='Overview IB'!K65 -> 0 | I50: ='Overview IB'!L65 -> 0 | J50: ='Overview IB'!M65 -> 0 | K50: ='Overview IB'!N65 -> 0 | L50: ='Overview IB'!O65 -> 0 | M50: ='Overview IB'!P65 -> 0 | ... O50: ='Overview IB'!R65 -> 0 | Q50: =SUM(U50:AD50) -> 0 | S50: =IF(D50=0,0,IF(E50=0,IF(R50=0,Q50/D50,R50/D50),IF(R50=0,Q50/E50,R50/E50))) -> 0
C51: von diesen geleistete Gesamtstunden | D51: ='Overview IB'!D66 -> 0 | E51: ='Overview IB'!E66 -> 0 | F51: ='Overview IB'!I66 -> 0 | G51: ='Overview IB'!J66 -> 0 | H51: ='Overview IB'!K66 -> 0 | I51: ='Overview IB'!L66 -> 0 | J51: ='Overview IB'!M66 -> 0 | K51: ='Overview IB'!N66 -> 0 | L51: ='Overview IB'!O66 -> 0 | M51: ='Overview IB'!P66 -> 0 | ... O51: ='Overview IB'!R66 -> 0 | Q51: =SUM(U51:AD51) -> 0 | S51: =IF(D51=0,0,IF(E51=0,IF(R51=0,Q51/D51,R51/D51),IF(R51=0,Q51/E51,R51/E51))) -> 0
C52: Anzahl an auszubildenden Multiplikatorinnen und Multiplikatoren | D52: ='Overview IB'!D67 -> 0 | E52: ='Overview IB'!E67 -> 0 | F52: ='Overview IB'!I67 -> 0 | G52: ='Overview IB'!J67 -> 0 | H52: ='Overview IB'!K67 -> 0 | I52: ='Overview IB'!L67 -> 0 | J52: ='Overview IB'!M67 -> 0 | K52: ='Overview IB'!N67 -> 0 | L52: ='Overview IB'!O67 -> 0 | M52: ='Overview IB'!P67 -> 0 | ... O52: ='Overview IB'!R67 -> 0 | Q52: =SUM(U52:AD52) -> 0 | S52: =IF(D52=0,0,IF(E52=0,IF(R52=0,Q52/D52,R52/D52),IF(R52=0,Q52/E52,R52/E52))) -> 0
C53: Anzahl der Kursangebote mit Kinderbetreuung | D53: ='Overview IB'!D68 -> 0 | E53: ='Overview IB'!E68 -> 0 | F53: ='Overview IB'!I68 -> 0 | G53: ='Overview IB'!J68 -> 0 | H53: ='Overview IB'!K68 -> 0 | I53: ='Overview IB'!L68 -> 0 | J53: ='Overview IB'!M68 -> 0 | K53: ='Overview IB'!N68 -> 0 | L53: ='Overview IB'!O68 -> 0 | M53: ='Overview IB'!P68 -> 0 | ... O53: ='Overview IB'!R68 -> 0 | Q53: =SUM(U53:AD53) -> 0 | S53: =IF(D53=0,0,IF(E53=0,IF(R53=0,Q53/D53,R53/D53),IF(R53=0,Q53/E53,R53/E53))) -> 0
C54: Anzahl der Teilnehmenden, die Elternteil betreuter Kinder sind | D54: ='Overview IB'!D69 -> 0 | E54: ='Overview IB'!E69 -> 0 | F54: ='Overview IB'!I69 -> 0 | G54: ='Overview IB'!J69 -> 0 | H54: ='Overview IB'!K69 -> 0 | I54: ='Overview IB'!L69 -> 0 | J54: ='Overview IB'!M69 -> 0 | K54: ='Overview IB'!N69 -> 0 | L54: ='Overview IB'!O69 -> 0 | M54: ='Overview IB'!P69 -> 0 | ... O54: ='Overview IB'!R69 -> 0 | Q54: =SUM(U54:AD54) -> 0 | S54: =IF(D54=0,0,IF(E54=0,IF(R54=0,Q54/D54,R54/D54),IF(R54=0,Q54/E54,R54/E54))) -> 0
C55: Anzahl der betreuten Kinder | D55: ='Overview IB'!D70 -> 0 | E55: ='Overview IB'!E70 -> 0 | F55: ='Overview IB'!I70 -> 0 | G55: ='Overview IB'!J70 -> 0 | H55: ='Overview IB'!K70 -> 0 | I55: ='Overview IB'!L70 -> 0 | J55: ='Overview IB'!M70 -> 0 | K55: ='Overview IB'!N70 -> 0 | L55: ='Overview IB'!O70 -> 0 | M55: ='Overview IB'!P70 -> 0 | ... O55: ='Overview IB'!R70 -> 0 | Q55: =SUM(U55:AD55) -> 0 | S55: =IF(D55=0,0,IF(E55=0,IF(R55=0,Q55/D55,R55/D55),IF(R55=0,Q55/E55,R55/E55))) -> 0
C56: Anzahl der erreichten Teilnehmenden durch Medien | D56: ='Overview IB'!D71 -> 0 | E56: ='Overview IB'!E71 -> 0 | F56: ='Overview IB'!I71 -> 0 | G56: ='Overview IB'!J71 -> 0 | H56: ='Overview IB'!K71 -> 0 | I56: ='Overview IB'!L71 -> 0 | J56: ='Overview IB'!M71 -> 0 | K56: ='Overview IB'!N71 -> 0 | L56: ='Overview IB'!O71 -> 0 | M56: ='Overview IB'!P71 -> 0 | ... O56: ='Overview IB'!R71 -> 0 | Q56: =SUM(U56:AD56) -> 0 | S56: =IF(D56=0,0,IF(E56=0,IF(R56=0,Q56/D56,R56/D56),IF(R56=0,Q56/E56,R56/E56))) -> 0
C57: davon erreichte Teilnehmende durch digitale Medien | D57: ='Overview IB'!D72 -> 0 | E57: ='Overview IB'!E72 -> 0 | F57: ='Overview IB'!I72 -> 0 | G57: ='Overview IB'!J72 -> 0 | H57: ='Overview IB'!K72 -> 0 | I57: ='Overview IB'!L72 -> 0 | J57: ='Overview IB'!M72 -> 0 | K57: ='Overview IB'!N72 -> 0 | L57: ='Overview IB'!O72 -> 0 | M57: ='Overview IB'!P72 -> 0 | ... O57: ='Overview IB'!R72 -> 0 | Q57: =SUM(U57:AD57) -> 0 | S57: =IF(D57=0,0,IF(E57=0,IF(R57=0,Q57/D57,R57/D57),IF(R57=0,Q57/E57,R57/E57))) -> 0
C58: davon erreichte Teilnehmende durch Printmedien | D58: ='Overview IB'!D73 -> 0 | E58: ='Overview IB'!E73 -> 0 | F58: ='Overview IB'!I73 -> 0 | G58: ='Overview IB'!J73 -> 0 | H58: ='Overview IB'!K73 -> 0 | I58: ='Overview IB'!L73 -> 0 | J58: ='Overview IB'!M73 -> 0 | K58: ='Overview IB'!N73 -> 0 | L58: ='Overview IB'!O73 -> 0 | M58: ='Overview IB'!P73 -> 0 | ... O58: ='Overview IB'!R73 -> 0 | Q58: =SUM(U58:AD58) -> 0 | S58: =IF(D58=0,0,IF(E58=0,IF(R58=0,Q58/D58,R58/D58),IF(R58=0,Q58/E58,R58/E58))) -> 0
C59: ='Overview IB'!C74 -> Sonstiger Indikator - frei wählbar lt. Indikatorenblatt | D59: ='Overview IB'!D74 -> 0 | E59: ='Overview IB'!E74 -> 0 | F59: ='Overview IB'!I74 -> 0 | G59: ='Overview IB'!J74 -> 0 | H59: ='Overview IB'!K74 -> 0 | I59: ='Overview IB'!L74 -> 0 | J59: ='Overview IB'!M74 -> 0 | K59: ='Overview IB'!N74 -> 0 | L59: ='Overview IB'!O74 -> 0 | M59: ='Overview IB'!P74 -> 0 | ... O59: ='Overview IB'!R74 -> 0 | Q59: =SUM(U59:AD59) -> 0 | S59: =IF(D59=0,0,IF(E59=0,IF(R59=0,Q59/D59,R59/D59),IF(R59=0,Q59/E59,R59/E59))) -> 0
C60: ='Overview IB'!C75 -> Sonstiger Indikator - frei wählbar lt. Indikatorenblatt | D60: ='Overview IB'!D75 -> 0 | E60: ='Overview IB'!E75 -> 0 | F60: ='Overview IB'!I75 -> 0 | G60: ='Overview IB'!J75 -> 0 | H60: ='Overview IB'!K75 -> 0 | I60: ='Overview IB'!L75 -> 0 | J60: ='Overview IB'!M75 -> 0 | K60: ='Overview IB'!N75 -> 0 | L60: ='Overview IB'!O75 -> 0 | M60: ='Overview IB'!P75 -> 0 | ... O60: ='Overview IB'!R75 -> 0 | Q60: =SUM(U60:AD60) -> 0 | S60: =IF(D60=0,0,IF(E60=0,IF(R60=0,Q60/D60,R60/D60),IF(R60=0,Q60/E60,R60/E60))) -> 0
V61: 2
C62: Evaluierungsindikatoren | D62: Anzahl SOLL | E62: Anzahl SOLL berichtigt | F62: M 1 | G62: M 2 | H62: M 3 | I62: M 4 | J62: M 5 | K62: M 6 | L62: M 7 | M62: M 8 | N62: M 9 | O62: M 10 | Q62: IST | R62: IST berichtigt | S62: Erfüllt in % | T62: Anmerkungen | U62: M 1 | V62: M 2 | W62: M 3 | X62: M 4 | Y62: M 5 | Z62: M 6 | AA62: M 7 | AB62: M 8 | AC62: M 9 | AD62: M 10
C63: Projektteilnehmende nach Zielgruppe
C64: Anzahl der Drittstaatsangehörigen | F64: für diese Indikatoren ist nur Spalte R zu befüllen | R64: 9 | U64: Diese Indikatoren sind nur bei IST berichtigt zu erfassen.
C65: Anzahl der Asyl- und subsidiär Schutzberechtigten | R65: 25
C66: Anzahl der Vertriebenen gemäß § 62 AsylG 2005 | R66: 3
C67: Anzahl der EU-Bürger*innen | R67: 3
C68: Anzahl der Österreicher*innen mit Migrationshintergrund | R68: 2
C69: Anzahl der Personen aus der Mehrheitsbevölkerung | R69: 0
C70: gesamt | R70: =SUM(R64:R69) -> 42
C71: Projektteilnehmende nach Alter
C72: Anzahl der Personen von 0 - 6 Jahre | D72: ='Overview IB'!D87 -> 0 | E72: ='Overview IB'!E87 -> 0 | F72: für diese Indikatoren ist nur Spalte R zu befüllen | R72: 0 | S72: =IF(R72="",0,IF(D72=0,0,IF(E72=0,IF(R72=0,Q72/D72,R72/D72),IF(R72=0,Q72/E72,R72/E72)))) -> 0 | U72: Diese Indikatoren sind nur bei IST berichtigt zu erfassen.
C73: Anzahl der Personen von 6 - 10 Jahre | D73: ='Overview IB'!D88 -> 0 | E73: ='Overview IB'!E88 -> 0 | R73: 0 | S73: =IF(R73="",0,IF(D73=0,0,IF(E73=0,IF(R73=0,Q73/D73,R73/D73),IF(R73=0,Q73/E73,R73/E73)))) -> 0
C74: Anzahl der Personen von 10 - 14 Jahre | D74: ='Overview IB'!D89 -> 0 | E74: ='Overview IB'!E89 -> 0 | R74: 0 | S74: =IF(R74="",0,IF(D74=0,0,IF(E74=0,IF(R74=0,Q74/D74,R74/D74),IF(R74=0,Q74/E74,R74/E74)))) -> 0
C75: Anzahl der Personen von 14 -18 Jahre | D75: ='Overview IB'!D90 -> 0 | E75: ='Overview IB'!E90 -> 0 | R75: 2 | S75: =IF(R75="",0,IF(D75=0,0,IF(E75=0,IF(R75=0,Q75/D75,R75/D75),IF(R75=0,Q75/E75,R75/E75)))) -> 0
C76: Anzahl der Personen von 18 -30 Jahre | D76: ='Overview IB'!D91 -> 0 | E76: ='Overview IB'!E91 -> 0 | R76: 23 | S76: =IF(R76="",0,IF(D76=0,0,IF(E76=0,IF(R76=0,Q76/D76,R76/D76),IF(R76=0,Q76/E76,R76/E76)))) -> 0
C77: Anzahl der Personen über 30 Jahre | D77: ='Overview IB'!D92 -> 0 | E77: ='Overview IB'!E92 -> 0 | R77: 17 | S77: =IF(R77="",0,IF(D77=0,0,IF(E77=0,IF(R77=0,Q77/D77,R77/D77),IF(R77=0,Q77/E77,R77/E77)))) -> 0
C78: gesamt | D78: ='Overview IB'!D93 -> 0 | E78: ='Overview IB'!E93 -> 0 | R78: =SUM(R72:R77) -> 42 | S78: =IF(R78="",0,IF(D78=0,0,IF(E78=0,IF(R78=0,Q78/D78,R78/D78),IF(R78=0,Q78/E78,R78/E78)))) -> 0
C79: Projektteilnehmende nach Geschlecht
C80: Anzahl der Frauen | D80: ='Overview IB'!D95 -> 0 | E80: ='Overview IB'!E95 -> 0 | F80: für diese Indikatoren ist nur Spalte R zu befüllen | R80: 22 | S80: =IF(R80="",0,IF(D80=0,0,IF(E80=0,IF(R80=0,#REF!/D80,R80/D80),IF(R80=0,#REF!/E80,R80/E80)))) -> 0 | U80: Diese Indikatoren sind nur bei IST berichtigt zu erfassen.
C81: Anzahl der Männer | D81: ='Overview IB'!D96 -> 0 | E81: ='Overview IB'!E96 -> 0 | R81: 20 | S81: =IF(R81="",0,IF(D81=0,0,IF(E81=0,IF(R81=0,Q80/D81,R81/D81),IF(R81=0,Q80/E81,R81/E81)))) -> 0
C82: Anzahl der Personen - divers | D82: ='Overview IB'!D97 -> 0 | E82: ='Overview IB'!E97 -> 0 | R82: 0 | S82: =IF(R82="",0,IF(D82=0,0,IF(E82=0,IF(R82=0,Q82/D82,R82/D82),IF(R82=0,Q82/E82,R82/E82)))) -> 0
C83: Anzahl der Personen - inter | D83: ='Overview IB'!D98 -> 0 | E83: ='Overview IB'!E98 -> 0 | R83: 0 | S83: =IF(R83="",0,IF(D83=0,0,IF(E83=0,IF(R83=0,Q83/D83,R83/D83),IF(R83=0,Q83/E83,R83/E83)))) -> 0
C84: Anzahl der Personen - offen | D84: ='Overview IB'!D99 -> 0 | E84: ='Overview IB'!E99 -> 0 | R84: 0 | S84: =IF(R84="",0,IF(D84=0,0,IF(E84=0,IF(R84=0,Q84/D84,R84/D84),IF(R84=0,Q84/E84,R84/E84)))) -> 0
C85: Anzahl der Personen - eigene Angaben | D85: ='Overview IB'!D100 -> 0 | E85: ='Overview IB'!E100 -> 0 | R85: 0 | S85: =IF(R85="",0,IF(D85=0,0,IF(E85=0,IF(R85=0,Q85/D85,R85/D85),IF(R85=0,Q85/E85,R85/E85)))) -> 0
C86: Anzahl der Personen - keine Angaben | D86: ='Overview IB'!D101 -> 0 | E86: ='Overview IB'!E101 -> 0 | R86: 0 | S86: =IF(R86="",0,IF(D86=0,0,IF(E86=0,IF(R86=0,Q86/D86,R86/D86),IF(R86=0,Q86/E86,R86/E86)))) -> 0
C87: gesamt | D87: ='Overview IB'!D102 -> 0 | E87: ='Overview IB'!E102 -> 0 | R87: =SUM(R80:R86) -> 42 | S87: =IF(R87="",0,IF(D87=0,0,IF(E87=0,IF(R87=0,Q87/D87,R87/D87),IF(R87=0,Q87/E87,R87/E87)))) -> 0
C88: Anzahl der erstmalig am Projekt teilnehmenden Personen | D88: ='Overview IB'!D103 -> 0 | E88: ='Overview IB'!E103 -> 0 | F88: ='Overview IB'!I103 -> 0 | G88: ='Overview IB'!J103 -> 0 | H88: ='Overview IB'!K103 -> 0 | I88: ='Overview IB'!L103 -> 0 | J88: ='Overview IB'!M103 -> 0 | K88: ='Overview IB'!N103 -> 0 | L88: ='Overview IB'!O103 -> 0 | M88: ='Overview IB'!P103 -> 0 | ... O88: ='Overview IB'!R103 -> 0 | Q88: =SUM(U88:AD88) -> 0 | R88: 34 | S88: =IF(R88="",0,IF(D88=0,0,IF(E88=0,IF(R88=0,Q88/D88,R88/D88),IF(R88=0,Q88/E88,R88/E88)))) -> 0
C90: Wirkungsindikatoren | D90: Anzahl SOLL | E90: Anzahl SOLL berichtigt | F90: M 1 | G90: M 2 | H90: M 3 | I90: M 4 | J90: M 5 | K90: M 6 | L90: M 7 | M90: M 8 | N90: M 9 | O90: M 10 | Q90: IST | R90: IST berichtigt | S90: Erfüllt in % | T90: Anmerkungen | U90: M 1 | V90: M 2 | W90: M 3 | X90: M 4 | Y90: M 5 | Z90: M 6 | AA90: M 7 | AB90: M 8 | AC90: M 9 | AD90: M 10
C91: Anzahl der MultiplikatorInnen mit konkreter Aktivität bis zwei Monate nach Projektteilnahme | D91: ='Overview IB'!D106 -> 0 | E91: ='Overview IB'!E106 -> 0 | F91: ='Overview IB'!I106 -> 0 | G91: ='Overview IB'!J106 -> 0 | H91: ='Overview IB'!K106 -> 0 | I91: ='Overview IB'!L106 -> 0 | J91: ='Overview IB'!M106 -> 0 | K91: ='Overview IB'!N106 -> 0 | L91: ='Overview IB'!O106 -> 0 | M91: ='Overview IB'!P106 -> 0 | ... O91: ='Overview IB'!R106 -> 0 | Q91: =SUM(U91:AD91) -> 0 | R91: 0 | S91: =IF(D91=0,0,IF(E91=0,IF(R91=0,Q91/D91,R91/D91),IF(R91=0,Q91/E91,R91/E91))) -> 0 | T91: Multiplikator*innen sind nicht die Zielgruppe unseres Projekts. Im Rahmen der Akquise und Arbeit mit den TN sind wir in Kontakt mit Berufsschulen, Lehrbetrieben, Arbeitgebern und Lehrlings/-Jugendcoaches unterschiedlicher Organisationen. Eine genaue Anzahl der Case-Manager, mit der wir zu tun haben, wurde nicht erhoben.
C92: Anzahl der Teilnehmenden, die innerhalb von zwei Monaten nach Projektteilnahme ein Zertifikat erwerben | D92: ='Overview IB'!D107 -> 0 | E92: ='Overview IB'!E107 -> 0 | F92: ='Overview IB'!I107 -> 0 | G92: ='Overview IB'!J107 -> 0 | H92: ='Overview IB'!K107 -> 0 | I92: ='Overview IB'!L107 -> 0 | J92: ='Overview IB'!M107 -> 0 | K92: ='Overview IB'!N107 -> 0 | L92: ='Overview IB'!O107 -> 0 | M92: ='Overview IB'!P107 -> 0 | ... O92: ='Overview IB'!R107 -> 0 | Q92: =SUM(U92:AD92) -> 0 | R92: 2 | S92: =IF(D92=0,0,IF(E92=0,IF(R92=0,Q92/D92,R92/D92),IF(R92=0,Q92/E92,R92/E92))) -> 0 | T92: Die Zahl beinhaltet von den Teilnehmenden erlangte "Zertifikate" in Bezug auf die LAP. (Berufsschulzeugnis (E3) /LAP-Prüfung abgelegt (E6) /Teilprüfungen der LAP abgelegt (E7)
C93: Anzahl der Teilnehmenden in weiterführenden externen Bildungsmaßnahmen, auf die im Projekt vorbereitet wurde, bis zwei Monate nach Projektteilnahme | D93: ='Overview IB'!D108 -> 0 | E93: ='Overview IB'!E108 -> 0 | F93: ='Overview IB'!I108 -> 0 | G93: ='Overview IB'!J108 -> 0 | H93: ='Overview IB'!K108 -> 0 | I93: ='Overview IB'!L108 -> 0 | J93: ='Overview IB'!M108 -> 0 | K93: ='Overview IB'!N108 -> 0 | L93: ='Overview IB'!O108 -> 0 | M93: ='Overview IB'!P108 -> 0 | ... O93: ='Overview IB'!R108 -> 0 | Q93: =SUM(U93:AD93) -> 0 | R93: 1 | S93: =IF(D93=0,0,IF(E93=0,IF(R93=0,Q93/D93,R93/D93),IF(R93=0,Q93/E93,R93/E93))) -> 0 | T93: Die Zahlt ergibt sich aus TN, die eine Berufsschule oder einen LAP-Vorbereitungskurs begannen im Zeitraum des Projekts. (Eintritt in Berufsschule (E1) oder LAP-Vorbereitungskurs (E4)
C94: Anzahl der Teilnehmenden mit einer Verbesserung um eine Schulnote oder mit Aufstieg in die nächste Schulstufe | D94: ='Overview IB'!D109 -> 0 | E94: ='Overview IB'!E109 -> 0 | F94: ='Overview IB'!I109 -> 0 | G94: ='Overview IB'!J109 -> 0 | H94: ='Overview IB'!K109 -> 0 | I94: ='Overview IB'!L109 -> 0 | J94: ='Overview IB'!M109 -> 0 | K94: ='Overview IB'!N109 -> 0 | L94: ='Overview IB'!O109 -> 0 | M94: ='Overview IB'!P109 -> 0 | ... O94: ='Overview IB'!R109 -> 0 | Q94: =SUM(U94:AD94) -> 0 | R94: 0 | S94: =IF(D94=0,0,IF(E94=0,IF(R94=0,Q94/D94,R94/D94),IF(R94=0,Q94/E94,R94/E94))) -> 0 | T94: Schulnoten sind nicht Fokus unseres Projekts. Wir arbeiten mit den TN daran, dass sie ein gesamtes Berufsschuljahr positiv abschließen. Siehe dazu Wirkungsindikator 2 (Zertifikat). Viele haben keine Schulnoten, da sie eine Lehre auf dem zweiten Bildungsweg absolvieren. Wir motivieren unsere TN, sich bereits vor dem Berufsschuljahr vorzubereiten. Sie verbessern sich bereits vor dem Schuljahr/vor dem LAP-Kurs in den für sie problematischen Kompetenzfeldern.
C95: Anzahl der Teilnehmenden mit einer vermittelten Lehrstelle bis zwei Monate nach Projektteilnahme | D95: ='Overview IB'!D110 -> 0 | E95: ='Overview IB'!E110 -> 0 | F95: ='Overview IB'!I110 -> 0 | G95: ='Overview IB'!J110 -> 0 | H95: ='Overview IB'!K110 -> 0 | I95: ='Overview IB'!L110 -> 0 | J95: ='Overview IB'!M110 -> 0 | K95: ='Overview IB'!N110 -> 0 | L95: ='Overview IB'!O110 -> 0 | M95: ='Overview IB'!P110 -> 0 | ... O95: ='Overview IB'!R110 -> 0 | Q95: =SUM(U95:AD95) -> 0 | R95: 1 | S95: =IF(D95=0,0,IF(E95=0,IF(R95=0,Q95/D95,R95/D95),IF(R95=0,Q95/E95,R95/E95))) -> 0 | T95: Fokus des Projekts ist eine längerfristige Lernbegleitung, bei der sich der Erfolg einer vermittelten Lehrstelle einstellen kann, aber nicht Fokus der Projektarbeit ist. Es wird nicht aktiv Lehrstellensuche betrieben (siehe Projektbeschreibung S. 12). siehe Eintritt in Berufsschule (E1)
C96: Anzahl der Teilnehmenden mit Praktikumsplatz bis zwei Monate nach Projektteilnahme | D96: ='Overview IB'!D111 -> 0 | E96: ='Overview IB'!E111 -> 0 | F96: ='Overview IB'!I111 -> 0 | G96: ='Overview IB'!J111 -> 0 | H96: ='Overview IB'!K111 -> 0 | I96: ='Overview IB'!L111 -> 0 | J96: ='Overview IB'!M111 -> 0 | K96: ='Overview IB'!N111 -> 0 | L96: ='Overview IB'!O111 -> 0 | M96: ='Overview IB'!P111 -> 0 | ... O96: ='Overview IB'!R111 -> 0 | Q96: =SUM(U96:AD96) -> 0 | R96: 2 | S96: =IF(D96=0,0,IF(E96=0,IF(R96=0,Q96/D96,R96/D96),IF(R96=0,Q96/E96,R96/E96))) -> 0 | T96: Im Rahmen des Projekts suchen wir nicht aktiv Praktikumsplätze mit den TN. Im Rahmen der Lernbegleitung werden Kompetenzen dahingehend gesteigert, dass eine Praktikumssuche erleichtert wird. Die angegebene Zahl basiert auf freiwillige Rückmeldungen der TN während der Lernbegleitung.
C97: Anzahl der Teilnehmenden mit erfolgreicher Arbeitsmarktintegration bis zwei Monate nach Projektteilnahme | D97: ='Overview IB'!D112 -> 0 | E97: ='Overview IB'!E112 -> 0 | F97: ='Overview IB'!I112 -> 0 | G97: ='Overview IB'!J112 -> 0 | H97: ='Overview IB'!K112 -> 0 | I97: ='Overview IB'!L112 -> 0 | J97: ='Overview IB'!M112 -> 0 | K97: ='Overview IB'!N112 -> 0 | L97: ='Overview IB'!O112 -> 0 | M97: ='Overview IB'!P112 -> 0 | ... O97: ='Overview IB'!R112 -> 0 | Q97: =SUM(U97:AD97) -> 0 | R97: 2 | S97: =IF(D97=0,0,IF(E97=0,IF(R97=0,Q97/D97,R97/D97),IF(R97=0,Q97/E97,R97/E97))) -> 0 | T97: Die Arbeitsmarktintegration ist den TN im Rahmen des Projekts selbst überlassen. Arbeitslosigkeit ist kein Aufnahmekriterium des Projekts. Manche TN arbeiten bereits bei Projekteintritt. Im Rahmen der Lernbegleitung werden Kompetenzen dahingehend gesteigert, dass eine Arbeitsmarktintegration erleichtert wird. Wir arbeiten mit den TN an ihren Lernerfolgen, die die Basis legt, um am Arbeitsmarkt eine Chance zu haben. Durch das dadurch gewonnene Selbstvertrauen und den Rückhalt werden sie ermutigt sich selbstständig in den Arbeitsmarkt zu integrieren. Die angegebene Zahl basiert auf freiwillige Rückmeldungen der TN während der Lernbegleitung.
C98: ='Overview IB'!C113 -> Anzahl der Teilnehmenden, die Teilziele auf ihrem Weg zur LAP (gemäß individuellem Bildungsplan) erreicht haben. | D98: ='Overview IB'!D113 -> 0 | E98: ='Overview IB'!E113 -> 0 | F98: ='Overview IB'!I113 -> 0 | G98: ='Overview IB'!J113 -> 0 | H98: ='Overview IB'!K113 -> 0 | I98: ='Overview IB'!L113 -> 0 | J98: ='Overview IB'!M113 -> 0 | K98: ='Overview IB'!N113 -> 0 | L98: ='Overview IB'!O113 -> 0 | M98: ='Overview IB'!P113 -> 0 | ... O98: ='Overview IB'!R113 -> 0 | Q98: =SUM(U98:AD98) -> 0 | R98: 22 | S98: =IF(D98=0,0,IF(E98=0,IF(R98=0,Q98/D98,R98/D98),IF(R98=0,Q98/E98,R98/E98))) -> 0 | T98: Da der Weg zur LAP für unsere Zielgruppe meist ein längerer ist, ist die Erreichung ihrer festgesetzten Teilziele gemäß individuellem Bildungsplan bereits ein wesentlicher Erfolgsindikator.

Sheet 2. ZWB
C4: Zeitraum des Indikatorenberichts | I4: Angaben zum Projekt
C5: von | D5: =L5 -> 45292 | I5: Laufzeit Beginn | L5: =IF('Overview IB'!D9="","",'Overview IB'!D9) -> 45292
C6: bis | D6: 45657 | I6: Laufzeit Ende | L6: =IF('Overview IB'!D10="","",'Overview IB'!D10) -> 46022
C7: Anteil an Laufzeit | D7: =IF(OR(D5="",L7="befüllt sich automatisch"),0,((D6-D5)/30)/L7) -> 0.5 | I7: Projektdauer in Monaten | L7: =IF(IF(OR(L6="",L5=""),"",(L6-L5)/30)="","befüllt sich automatisch",IF(OR(L6="",L5=""),"",(L6-L5)/30)) -> 24.333333
C9: Zielindikatoren | D9: Anzahl SOLL lt. Vertrag | E9: Anzahl SOLL berichtigt lt. Vertrag | F9: Maßnahmen Soll lt. Vertrag | Q9: Anzahl IST - gesamt | R9: Anzahl IST - gesamt - berichtigt | S9: Erfüllt in % | T9: allgemeine Anmerkungen zu den IST-Indikatoren | U9: Maßnahmen IST lt. Vertrag
F10: M 1 | G10: M 2 | H10: M 3 | I10: M 4 | J10: M 5 | K10: M 6 | L10: M 7 | M10: M 8 | N10: M 9 | O10: M 10 | U10: M 1 | V10: M 2 | W10: M 3 | X10: M 4 | Y10: M 5 | Z10: M 6 | AA10: M 7 | AB10: M 8 | AC10: M 9 | AD10: M 10
C11: Anzahl der Projektteilnehmenden gesamt | D11: ='Overview IB'!D26 -> 194 | E11: ='Overview IB'!E26 -> 72 | F11: ='Overview IB'!I26 -> 72 | G11: ='Overview IB'!J26 -> 72 | H11: ='Overview IB'!K26 -> 50 | I11: ='Overview IB'!L26 -> 0 | J11: ='Overview IB'!M26 -> 0 | K11: ='Overview IB'!N26 -> 0 | L11: ='Overview IB'!O26 -> 0 | M11: ='Overview IB'!P26 -> 0 | ... O11: ='Overview IB'!R26 -> 0 | Q11: =SUM(U11:AD11) -> 149 | R11: 55 | S11: =IF(D11=0,0,IF(E11=0,IF(R11=0,Q11/D11,R11/D11),IF(R11=0,Q11/E11,R11/E11))) -> 0.76388889 | U11: 55 | V11: 55 | W11: 39
C12: Anzahl der verfügbaren Plätze im Projekt | D12: ='Overview IB'!D27 -> 194 | E12: ='Overview IB'!E27 -> 72 | F12: ='Overview IB'!I27 -> 72 | G12: ='Overview IB'!J27 -> 72 | H12: ='Overview IB'!K27 -> 50 | I12: ='Overview IB'!L27 -> 0 | J12: ='Overview IB'!M27 -> 0 | K12: ='Overview IB'!N27 -> 0 | L12: ='Overview IB'!O27 -> 0 | M12: ='Overview IB'!P27 -> 0 | ... O12: ='Overview IB'!R27 -> 0 | Q12: =SUM(U12:AD12) -> 149 | R12: 55 | S12: =IF(D12=0,0,IF(E12=0,IF(R12=0,Q12/D12,R12/D12),IF(R12=0,Q12/E12,R12/E12))) -> 0.76388889 | U12: 55 | V12: 55 | W12: 39
C13: Anzahl der Standorte, an denen die Maßnahmen durchgeführt werden | D13: ='Overview IB'!D28 -> 3 | E13: ='Overview IB'!E28 -> 1 | F13: ='Overview IB'!I28 -> 1 | G13: ='Overview IB'!J28 -> 1 | H13: ='Overview IB'!K28 -> 1 | I13: ='Overview IB'!L28 -> 0 | J13: ='Overview IB'!M28 -> 0 | K13: ='Overview IB'!N28 -> 0 | L13: ='Overview IB'!O28 -> 0 | M13: ='Overview IB'!P28 -> 0 | ... O13: ='Overview IB'!R28 -> 0 | Q13: =SUM(U13:AD13) -> 3 | R13: 1 | S13: =IF(D13=0,0,IF(E13=0,IF(R13=0,Q13/D13,R13/D13),IF(R13=0,Q13/E13,R13/E13))) -> 1 | U13: 1 | V13: 1 | W13: 1
C14: Bereich Veranstaltungen | D14: Anzahl SOLL | E14: Anzahl SOLL berichtigt | F14: M 1 | G14: M 2 | H14: M 3 | I14: M 4 | J14: M 5 | K14: M 6 | L14: M 7 | M14: M 8 | N14: M 9 | O14: M 10 | Q14: IST | R14: IST berichtigt | S14: Erfüllt in % | T14: Anmerkungen | U14: M 1 | V14: M 2 | W14: M 3 | X14: M 4 | Y14: M 5 | Z14: M 6 | AA14: M 7 | AB14: M 8 | AC14: M 9 | AD14: M 10
C15: Anzahl der Veranstaltungen | D15: ='Overview IB'!D30 -> 0 | E15: ='Overview IB'!E30 -> 0 | F15: ='Overview IB'!I30 -> 0 | G15: ='Overview IB'!J30 -> 0 | H15: ='Overview IB'!K30 -> 0 | I15: ='Overview IB'!L30 -> 0 | J15: ='Overview IB'!M30 -> 0 | K15: ='Overview IB'!N30 -> 0 | L15: ='Overview IB'!O30 -> 0 | M15: ='Overview IB'!P30 -> 0 | ... O15: ='Overview IB'!R30 -> 0 | Q15: =SUM(U15:AD15) -> 0 | S15: =IF(D15=0,0,IF(E15=0,IF(R15=0,Q15/D15,R15/D15),IF(R15=0,Q15/E15,R15/E15))) -> 0
C16: Anzahl der Veranstaltungsteilnehmenden gesamt | D16: ='Overview IB'!D31 -> 0 | E16: ='Overview IB'!E31 -> 0 | F16: ='Overview IB'!I31 -> 0 | G16: ='Overview IB'!J31 -> 0 | H16: ='Overview IB'!K31 -> 0 | I16: ='Overview IB'!L31 -> 0 | J16: ='Overview IB'!M31 -> 0 | K16: ='Overview IB'!N31 -> 0 | L16: ='Overview IB'!O31 -> 0 | M16: ='Overview IB'!P31 -> 0 | ... O16: ='Overview IB'!R31 -> 0 | Q16: =SUM(U16:AD16) -> 0 | S16: =IF(D16=0,0,IF(E16=0,IF(R16=0,Q16/D16,R16/D16),IF(R16=0,Q16/E16,R16/E16))) -> 0
C17: Anzahl der Kurse/Workshops/Trainings | D17: ='Overview IB'!D32 -> 0 | E17: ='Overview IB'!E32 -> 0 | F17: ='Overview IB'!I32 -> 0 | G17: ='Overview IB'!J32 -> 0 | H17: ='Overview IB'!K32 -> 0 | I17: ='Overview IB'!L32 -> 0 | J17: ='Overview IB'!M32 -> 0 | K17: ='Overview IB'!N32 -> 0 | L17: ='Overview IB'!O32 -> 0 | M17: ='Overview IB'!P32 -> 0 | ... O17: ='Overview IB'!R32 -> 0 | Q17: =SUM(U17:AD17) -> 0 | S17: =IF(D17=0,0,IF(E17=0,IF(R17=0,Q17/D17,R17/D17),IF(R17=0,Q17/E17,R17/E17))) -> 0
C18: Anzahl der Teilnehmenden an Kursen/Workshops/ Trainings | D18: ='Overview IB'!D33 -> 0 | E18: ='Overview IB'!E33 -> 0 | F18: ='Overview IB'!I33 -> 0 | G18: ='Overview IB'!J33 -> 0 | H18: ='Overview IB'!K33 -> 0 | I18: ='Overview IB'!L33 -> 0 | J18: ='Overview IB'!M33 -> 0 | K18: ='Overview IB'!N33 -> 0 | L18: ='Overview IB'!O33 -> 0 | M18: ='Overview IB'!P33 -> 0 | ... O18: ='Overview IB'!R33 -> 0 | Q18: =SUM(U18:AD18) -> 0 | S18: =IF(D18=0,0,IF(E18=0,IF(R18=0,Q18/D18,R18/D18),IF(R18=0,Q18/E18,R18/E18))) -> 0
C19: Anzahl der Kurs-, Workshop- bzw. Trainingsstunden | D19: ='Overview IB'!D34 -> 0 | E19: ='Overview IB'!E34 -> 0 | F19: ='Overview IB'!I34 -> 0 | G19: ='Overview IB'!J34 -> 0 | H19: ='Overview IB'!K34 -> 0 | I19: ='Overview IB'!L34 -> 0 | J19: ='Overview IB'!M34 -> 0 | K19: ='Overview IB'!N34 -> 0 | L19: ='Overview IB'!O34 -> 0 | M19: ='Overview IB'!P34 -> 0 | ... O19: ='Overview IB'!R34 -> 0 | Q19: =SUM(U19:AD19) -> 0 | S19: =IF(D19=0,0,IF(E19=0,IF(R19=0,Q19/D19,R19/D19),IF(R19=0,Q19/E19,R19/E19))) -> 0
C20: Bereich Beratung | D20: Anzahl SOLL | E20: Anzahl SOLL berichtigt | F20: M 1 | G20: M 2 | H20: M 3 | I20: M 4 | J20: M 5 | K20: M 6 | L20: M 7 | M20: M 8 | N20: M 9 | O20: M 10 | Q20: IST | R20: IST berichtigt | S20: Erfüllt in % | T20: Anmerkungen | U20: M 1 | V20: M 2 | W20: M 3 | X20: M 4 | Y20: M 5 | Z20: M 6 | AA20: M 7 | AB20: M 8 | AC20: M 9 | AD20: M 10
C21: Anzahl der Einzelberatungen bzw. -betreuung | D21: ='Overview IB'!D36 -> 0 | E21: ='Overview IB'!E36 -> 0 | F21: ='Overview IB'!I36 -> 0 | G21: ='Overview IB'!J36 -> 0 | H21: ='Overview IB'!K36 -> 0 | I21: ='Overview IB'!L36 -> 0 | J21: ='Overview IB'!M36 -> 0 | K21: ='Overview IB'!N36 -> 0 | L21: ='Overview IB'!O36 -> 0 | M21: ='Overview IB'!P36 -> 0 | ... O21: ='Overview IB'!R36 -> 0 | Q21: =SUM(U21:AD21) -> 0 | S21: =IF(D21=0,0,IF(E21=0,IF(R21=0,Q21/D21,R21/D21),IF(R21=0,Q21/E21,R21/E21))) -> 0
C22: Anzahl der in Einzelberatung beratenen, betreuten oder gecoachten Personen | D22: ='Overview IB'!D37 -> 144 | E22: ='Overview IB'!E37 -> 72 | F22: ='Overview IB'!I37 -> 72 | G22: ='Overview IB'!J37 -> 72 | H22: ='Overview IB'!K37 -> 0 | I22: ='Overview IB'!L37 -> 0 | J22: ='Overview IB'!M37 -> 0 | K22: ='Overview IB'!N37 -> 0 | L22: ='Overview IB'!O37 -> 0 | M22: ='Overview IB'!P37 -> 0 | ... O22: ='Overview IB'!R37 -> 0 | Q22: =SUM(U22:AD22) -> 110 | R22: 55 | S22: =IF(D22=0,0,IF(E22=0,IF(R22=0,Q22/D22,R22/D22),IF(R22=0,Q22/E22,R22/E22))) -> 0.76388889 | U22: 55 | V22: 55
C23: Anzahl der Einzelberatungs-/Betreuungs-/ Coachingstunden | D23: ='Overview IB'!D38 -> 1170 | E23: ='Overview IB'!E38 -> 1170 | F23: ='Overview IB'!I38 -> 360 | G23: ='Overview IB'!J38 -> 810 | H23: ='Overview IB'!K38 -> 0 | I23: ='Overview IB'!L38 -> 0 | J23: ='Overview IB'!M38 -> 0 | K23: ='Overview IB'!N38 -> 0 | L23: ='Overview IB'!O38 -> 0 | M23: ='Overview IB'!P38 -> 0 | ... O23: ='Overview IB'!R38 -> 0 | Q23: =SUM(U23:AD23) -> 654 | R23: 654 | S23: =IF(D23=0,0,IF(E23=0,IF(R23=0,Q23/D23,R23/D23),IF(R23=0,Q23/E23,R23/E23))) -> 0.55897436 | U23: 205.5 | V23: 448.5
C24: Anzahl der Gruppenberatungen bzw. -betreuung (min 3 Personen) | D24: ='Overview IB'!D39 -> 0 | E24: ='Overview IB'!E39 -> 0 | F24: ='Overview IB'!I39 -> 0 | G24: ='Overview IB'!J39 -> 0 | H24: ='Overview IB'!K39 -> 0 | I24: ='Overview IB'!L39 -> 0 | J24: ='Overview IB'!M39 -> 0 | K24: ='Overview IB'!N39 -> 0 | L24: ='Overview IB'!O39 -> 0 | M24: ='Overview IB'!P39 -> 0 | ... O24: ='Overview IB'!R39 -> 0 | Q24: =SUM(U24:AD24) -> 0 | S24: =IF(D24=0,0,IF(E24=0,IF(R24=0,Q24/D24,R24/D24),IF(R24=0,Q24/E24,R24/E24))) -> 0
C25: Anzahl der in Gruppenberatung beratenen oder betreuten Personen | D25: ='Overview IB'!D40 -> 50 | E25: ='Overview IB'!E40 -> 50 | F25: ='Overview IB'!I40 -> 0 | G25: ='Overview IB'!J40 -> 0 | H25: ='Overview IB'!K40 -> 50 | I25: ='Overview IB'!L40 -> 0 | J25: ='Overview IB'!M40 -> 0 | K25: ='Overview IB'!N40 -> 0 | L25: ='Overview IB'!O40 -> 0 | M25: ='Overview IB'!P40 -> 0 | ... O25: ='Overview IB'!R40 -> 0 | Q25: =SUM(U25:AD25) -> 39 | R25: 39 | S25: =IF(D25=0,0,IF(E25=0,IF(R25=0,Q25/D25,R25/D25),IF(R25=0,Q25/E25,R25/E25))) -> 0.78 | W25: 39
C26: Anzahl der Gruppenberatungs-/Betreuungsstunden | D26: ='Overview IB'!D41 -> 540 | E26: ='Overview IB'!E41 -> 540 | F26: ='Overview IB'!I41 -> 0 | G26: ='Overview IB'!J41 -> 0 | H26: ='Overview IB'!K41 -> 540 | I26: ='Overview IB'!L41 -> 0 | J26: ='Overview IB'!M41 -> 0 | K26: ='Overview IB'!N41 -> 0 | L26: ='Overview IB'!O41 -> 0 | M26: ='Overview IB'!P41 -> 0 | ... O26: ='Overview IB'!R41 -> 0 | Q26: =SUM(U26:AD26) -> 298 | R26: 298 | S26: =IF(D26=0,0,IF(E26=0,IF(R26=0,Q26/D26,R26/D26),IF(R26=0,Q26/E26,R26/E26))) -> 0.55185185 | W26: 298
C27: Anzahl der Familienberatungen (pro Familie) | D27: ='Overview IB'!D42 -> 0 | E27: ='Overview IB'!E42 -> 0 | F27: ='Overview IB'!I42 -> 0 | G27: ='Overview IB'!J42 -> 0 | H27: ='Overview IB'!K42 -> 0 | I27: ='Overview IB'!L42 -> 0 | J27: ='Overview IB'!M42 -> 0 | K27: ='Overview IB'!N42 -> 0 | L27: ='Overview IB'!O42 -> 0 | M27: ='Overview IB'!P42 -> 0 | ... O27: ='Overview IB'!R42 -> 0 | Q27: =SUM(U27:AD27) -> 0 | S27: =IF(D27=0,0,IF(E27=0,IF(R27=0,Q27/D27,R27/D27),IF(R27=0,Q27/E27,R27/E27))) -> 0
C28: Anzahl der familienberatenen oder betreuten Personen | D28: ='Overview IB'!D43 -> 0 | E28: ='Overview IB'!E43 -> 0 | F28: ='Overview IB'!I43 -> 0 | G28: ='Overview IB'!J43 -> 0 | H28: ='Overview IB'!K43 -> 0 | I28: ='Overview IB'!L43 -> 0 | J28: ='Overview IB'!M43 -> 0 | K28: ='Overview IB'!N43 -> 0 | L28: ='Overview IB'!O43 -> 0 | M28: ='Overview IB'!P43 -> 0 | ... O28: ='Overview IB'!R43 -> 0 | Q28: =SUM(U28:AD28) -> 0 | S28: =IF(D28=0,0,IF(E28=0,IF(R28=0,Q28/D28,R28/D28),IF(R28=0,Q28/E28,R28/E28))) -> 0
C29: Anzahl der Beratungs-/Betreuungsstunden für Familien | D29: ='Overview IB'!D44 -> 0 | E29: ='Overview IB'!E44 -> 0 | F29: ='Overview IB'!I44 -> 0 | G29: ='Overview IB'!J44 -> 0 | H29: ='Overview IB'!K44 -> 0 | I29: ='Overview IB'!L44 -> 0 | J29: ='Overview IB'!M44 -> 0 | K29: ='Overview IB'!N44 -> 0 | L29: ='Overview IB'!O44 -> 0 | M29: ='Overview IB'!P44 -> 0 | ... O29: ='Overview IB'!R44 -> 0 | Q29: =SUM(U29:AD29) -> 0 | S29: =IF(D29=0,0,IF(E29=0,IF(R29=0,Q29/D29,R29/D29),IF(R29=0,Q29/E29,R29/E29))) -> 0
C30: Anzahl der Hausbesuche | D30: ='Overview IB'!D45 -> 0 | E30: ='Overview IB'!E45 -> 0 | F30: ='Overview IB'!I45 -> 0 | G30: ='Overview IB'!J45 -> 0 | H30: ='Overview IB'!K45 -> 0 | I30: ='Overview IB'!L45 -> 0 | J30: ='Overview IB'!M45 -> 0 | K30: ='Overview IB'!N45 -> 0 | L30: ='Overview IB'!O45 -> 0 | M30: ='Overview IB'!P45 -> 0 | ... O30: ='Overview IB'!R45 -> 0 | Q30: =SUM(U30:AD30) -> 0 | S30: =IF(D30=0,0,IF(E30=0,IF(R30=0,Q30/D30,R30/D30),IF(R30=0,Q30/E30,R30/E30))) -> 0
C31: Anzahl besuchter Haushalte | D31: ='Overview IB'!D46 -> 0 | E31: ='Overview IB'!E46 -> 0 | F31: ='Overview IB'!I46 -> 0 | G31: ='Overview IB'!J46 -> 0 | H31: ='Overview IB'!K46 -> 0 | I31: ='Overview IB'!L46 -> 0 | J31: ='Overview IB'!M46 -> 0 | K31: ='Overview IB'!N46 -> 0 | L31: ='Overview IB'!O46 -> 0 | M31: ='Overview IB'!P46 -> 0 | ... O31: ='Overview IB'!R46 -> 0 | Q31: =SUM(U31:AD31) -> 0 | S31: =IF(D31=0,0,IF(E31=0,IF(R31=0,Q31/D31,R31/D31),IF(R31=0,Q31/E31,R31/E31))) -> 0
C32: Anzahl besuchter Personen | D32: ='Overview IB'!D47 -> 0 | E32: ='Overview IB'!E47 -> 0 | F32: ='Overview IB'!I47 -> 0 | G32: ='Overview IB'!J47 -> 0 | H32: ='Overview IB'!K47 -> 0 | I32: ='Overview IB'!L47 -> 0 | J32: ='Overview IB'!M47 -> 0 | K32: ='Overview IB'!N47 -> 0 | L32: ='Overview IB'!O47 -> 0 | M32: ='Overview IB'!P47 -> 0 | ... O32: ='Overview IB'!R47 -> 0 | Q32: =SUM(U32:AD32) -> 0 | S32: =IF(D32=0,0,IF(E32=0,IF(R32=0,Q32/D32,R32/D32),IF(R32=0,Q32/E32,R32/E32))) -> 0
C33: Bereich Sprache | D33: Anzahl SOLL | E33: Anzahl SOLL berichtigt | F33: M 1 | G33: M 2 | H33: M 3 | I33: M 4 | J33: M 5 | K33: M 6 | L33: M 7 | M33: M 8 | N33: M 9 | O33: M 10 | Q33: IST | R33: IST berichtigt | S33: Erfüllt in % | T33: Anmerkungen | U33: M 1 | V33: M 2 | W33: M 3 | X33: M 4 | Y33: M 5 | Z33: M 6 | AA33: M 7 | AB33: M 8 | AC33: M 9 | AD33: M 10
C34: Anzahl der Fachsprach- bzw. Sprachkurse gesamt | D34: ='Overview IB'!D49 -> 0 | E34: ='Overview IB'!E49 -> 0 | F34: ='Overview IB'!I49 -> 0 | G34: ='Overview IB'!J49 -> 0 | H34: ='Overview IB'!K49 -> 0 | I34: ='Overview IB'!L49 -> 0 | J34: ='Overview IB'!M49 -> 0 | K34: ='Overview IB'!N49 -> 0 | L34: ='Overview IB'!O49 -> 0 | M34: ='Overview IB'!P49 -> 0 | ... O34: ='Overview IB'!R49 -> 0 | Q34: =SUM(Q35:Q39) -> 0 | R34: =SUM(R35:R39) -> 0 | S34: =IF(D34=0,0,IF(E34=0,IF(R34=0,Q34/D34,R34/D34),IF(R34=0,Q34/E34,R34/E34))) -> 0 | U34: =SUM(U35:U39) -> 0 | V34: =SUM(V35:V39) -> 0 | W34: =SUM(W35:W39) -> 0 | X34: =SUM(X35:X39) -> 0 | Y34: =SUM(Y35:Y39) -> 0 | Z34: =SUM(Z35:Z39) -> 0 | AA34: =SUM(AA35:AA39) -> 0 | AB34: =SUM(AB35:AB39) -> 0 | ... AD34: =SUM(AD35:AD39) -> 0
C35: davon Alphabetisierung | D35: ='Overview IB'!D50 -> 0 | E35: ='Overview IB'!E50 -> 0 | F35: ='Overview IB'!I50 -> 0 | G35: ='Overview IB'!J50 -> 0 | H35: ='Overview IB'!K50 -> 0 | I35: ='Overview IB'!L50 -> 0 | J35: ='Overview IB'!M50 -> 0 | K35: ='Overview IB'!N50 -> 0 | L35: ='Overview IB'!O50 -> 0 | M35: ='Overview IB'!P50 -> 0 | ... O35: ='Overview IB'!R50 -> 0 | Q35: =SUM(U35:AD35) -> 0 | S35: =IF(D35=0,0,IF(E35=0,IF(R35=0,Q35/D35,R35/D35),IF(R35=0,Q35/E35,R35/E35))) -> 0
C36: davon A1 | D36: ='Overview IB'!D51 -> 0 | E36: ='Overview IB'!E51 -> 0 | F36: ='Overview IB'!I51 -> 0 | G36: ='Overview IB'!J51 -> 0 | H36: ='Overview IB'!K51 -> 0 | I36: ='Overview IB'!L51 -> 0 | J36: ='Overview IB'!M51 -> 0 | K36: ='Overview IB'!N51 -> 0 | L36: ='Overview IB'!O51 -> 0 | M36: ='Overview IB'!P51 -> 0 | ... O36: ='Overview IB'!R51 -> 0 | Q36: =SUM(U36:AD36) -> 0 | S36: =IF(D36=0,0,IF(E36=0,IF(R36=0,Q36/D36,R36/D36),IF(R36=0,Q36/E36,R36/E36))) -> 0
C37: davon A2 | D37: ='Overview IB'!D52 -> 0 | E37: ='Overview IB'!E52 -> 0 | F37: ='Overview IB'!I52 -> 0 | G37: ='Overview IB'!J52 -> 0 | H37: ='Overview IB'!K52 -> 0 | I37: ='Overview IB'!L52 -> 0 | J37: ='Overview IB'!M52 -> 0 | K37: ='Overview IB'!N52 -> 0 | L37: ='Overview IB'!O52 -> 0 | M37: ='Overview IB'!P52 -> 0 | ... O37: ='Overview IB'!R52 -> 0 | Q37: =SUM(U37:AD37) -> 0 | S37: =IF(D37=0,0,IF(E37=0,IF(R37=0,Q37/D37,R37/D37),IF(R37=0,Q37/E37,R37/E37))) -> 0
C38: davon B1 | D38: ='Overview IB'!D53 -> 0 | E38: ='Overview IB'!E53 -> 0 | F38: ='Overview IB'!I53 -> 0 | G38: ='Overview IB'!J53 -> 0 | H38: ='Overview IB'!K53 -> 0 | I38: ='Overview IB'!L53 -> 0 | J38: ='Overview IB'!M53 -> 0 | K38: ='Overview IB'!N53 -> 0 | L38: ='Overview IB'!O53 -> 0 | M38: ='Overview IB'!P53 -> 0 | ... O38: ='Overview IB'!R53 -> 0 | Q38: =SUM(U38:AD38) -> 0 | S38: =IF(D38=0,0,IF(E38=0,IF(R38=0,Q38/D38,R38/D38),IF(R38=0,Q38/E38,R38/E38))) -> 0
C39: davon B2 | D39: ='Overview IB'!D54 -> 0 | E39: ='Overview IB'!E54 -> 0 | F39: ='Overview IB'!I54 -> 0 | G39: ='Overview IB'!J54 -> 0 | H39: ='Overview IB'!K54 -> 0 | I39: ='Overview IB'!L54 -> 0 | J39: ='Overview IB'!M54 -> 0 | K39: ='Overview IB'!N54 -> 0 | L39: ='Overview IB'!O54 -> 0 | M39: ='Overview IB'!P54 -> 0 | ... O39: ='Overview IB'!R54 -> 0 | Q39: =SUM(U39:AD39) -> 0 | S39: =IF(D39=0,0,IF(E39=0,IF(R39=0,Q39/D39,R39/D39),IF(R39=0,Q39/E39,R39/E39))) -> 0
C40: Anzahl der Fachsprach- bzw. Sprachkursplätze gesamt | D40: ='Overview IB'!D55 -> 0 | E40: ='Overview IB'!E55 -> 0 | F40: ='Overview IB'!I55 -> 0 | G40: ='Overview IB'!J55 -> 0 | H40: ='Overview IB'!K55 -> 0 | I40: ='Overview IB'!L55 -> 0 | J40: ='Overview IB'!M55 -> 0 | K40: ='Overview IB'!N55 -> 0 | L40: ='Overview IB'!O55 -> 0 | M40: ='Overview IB'!P55 -> 0 | ... O40: ='Overview IB'!R55 -> 0 | Q40: =SUM(U40:AD40) -> 0 | S40: =IF(D40=0,0,IF(E40=0,IF(R40=0,Q40/D40,R40/D40),IF(R40=0,Q40/E40,R40/E40))) -> 0
C41: Anzahl der Fachsprach- bzw. Sprachkursteilnehmenden gesamt | D41: ='Overview IB'!D56 -> 0 | E41: ='Overview IB'!E56 -> 0 | F41: ='Overview IB'!I56 -> 0 | G41: ='Overview IB'!J56 -> 0 | H41: ='Overview IB'!K56 -> 0 | I41: ='Overview IB'!L56 -> 0 | J41: ='Overview IB'!M56 -> 0 | K41: ='Overview IB'!N56 -> 0 | L41: ='Overview IB'!O56 -> 0 | M41: ='Overview IB'!P56 -> 0 | ... O41: ='Overview IB'!R56 -> 0 | Q41: =SUM(U41:AD41) -> 0 | S41: =IF(D41=0,0,IF(E41=0,IF(R41=0,Q41/D41,R41/D41),IF(R41=0,Q41/E41,R41/E41))) -> 0
C42: Anzahl der Unterrichtseinheiten gesamt | D42: ='Overview IB'!D57 -> 0 | E42: ='Overview IB'!E57 -> 0 | F42: ='Overview IB'!I57 -> 0 | G42: ='Overview IB'!J57 -> 0 | H42: ='Overview IB'!K57 -> 0 | I42: ='Overview IB'!L57 -> 0 | J42: ='Overview IB'!M57 -> 0 | K42: ='Overview IB'!N57 -> 0 | L42: ='Overview IB'!O57 -> 0 | M42: ='Overview IB'!P57 -> 0 | ... O42: ='Overview IB'!R57 -> 0 | Q42: =SUM(U42:AD42) -> 0 | S42: =IF(D42=0,0,IF(E42=0,IF(R42=0,Q42/D42,R42/D42),IF(R42=0,Q42/E42,R42/E42))) -> 0
C43: Anzahl der Teilnehmenden an einer zertifizierten Abschlussprüfung | D43: ='Overview IB'!D58 -> 0 | E43: ='Overview IB'!E58 -> 0 | F43: ='Overview IB'!I58 -> 0 | G43: ='Overview IB'!J58 -> 0 | H43: ='Overview IB'!K58 -> 0 | I43: ='Overview IB'!L58 -> 0 | J43: ='Overview IB'!M58 -> 0 | K43: ='Overview IB'!N58 -> 0 | L43: ='Overview IB'!O58 -> 0 | M43: ='Overview IB'!P58 -> 0 | ... O43: ='Overview IB'!R58 -> 0 | Q43: =SUM(U43:AD43) -> 0 | S43: =IF(D43=0,0,IF(E43=0,IF(R43=0,Q43/D43,R43/D43),IF(R43=0,Q43/E43,R43/E43))) -> 0
C44: Anteil der Teilnehmenden mit positiv absolvierter, zertifizierter Abschlussprüfung | D44: ='Overview IB'!D59 -> 0 | E44: ='Overview IB'!E59 -> 0 | F44: ='Overview IB'!I59 -> 0 | G44: ='Overview IB'!J59 -> 0 | H44: ='Overview IB'!K59 -> 0 | I44: ='Overview IB'!L59 -> 0 | J44: ='Overview IB'!M59 -> 0 | K44: ='Overview IB'!N59 -> 0 | L44: ='Overview IB'!O59 -> 0 | M44: ='Overview IB'!P59 -> 0 | ... O44: ='Overview IB'!R59 -> 0 | Q44: =SUM(U44:AD44) -> 0 | S44: =IF(D44=0,0,IF(E44=0,IF(R44=0,Q44/D44,R44/D44),IF(R44=0,Q44/E44,R44/E44))) -> 0
C45: davon ÖIF zertifiziert | D45: ='Overview IB'!D60 -> 0 | E45: ='Overview IB'!E60 -> 0 | F45: ='Overview IB'!I60 -> 0 | G45: ='Overview IB'!J60 -> 0 | H45: ='Overview IB'!K60 -> 0 | I45: ='Overview IB'!L60 -> 0 | J45: ='Overview IB'!M60 -> 0 | K45: ='Overview IB'!N60 -> 0 | L45: ='Overview IB'!O60 -> 0 | M45: ='Overview IB'!P60 -> 0 | ... O45: ='Overview IB'!R60 -> 0 | Q45: =SUM(U45:AD45) -> 0 | S45: =IF(D45=0,0,IF(E45=0,IF(R45=0,Q45/D45,R45/D45),IF(R45=0,Q45/E45,R45/E45))) -> 0
C46: Anzahl der niederschwelligen Sprachlerntreffen | D46: ='Overview IB'!D61 -> 0 | E46: ='Overview IB'!E61 -> 0 | F46: ='Overview IB'!I61 -> 0 | G46: ='Overview IB'!J61 -> 0 | H46: ='Overview IB'!K61 -> 0 | I46: ='Overview IB'!L61 -> 0 | J46: ='Overview IB'!M61 -> 0 | K46: ='Overview IB'!N61 -> 0 | L46: ='Overview IB'!O61 -> 0 | M46: ='Overview IB'!P61 -> 0 | ... O46: ='Overview IB'!R61 -> 0 | Q46: =SUM(U46:AD46) -> 0 | S46: =IF(D46=0,0,IF(E46=0,IF(R46=0,Q46/D46,R46/D46),IF(R46=0,Q46/E46,R46/E46))) -> 0
C47: Anzahl der Teilnehmenden an niederschwelligem Sprachlernangebot | D47: ='Overview IB'!D62 -> 0 | E47: ='Overview IB'!E62 -> 0 | F47: ='Overview IB'!I62 -> 0 | G47: ='Overview IB'!J62 -> 0 | H47: ='Overview IB'!K62 -> 0 | I47: ='Overview IB'!L62 -> 0 | J47: ='Overview IB'!M62 -> 0 | K47: ='Overview IB'!N62 -> 0 | L47: ='Overview IB'!O62 -> 0 | M47: ='Overview IB'!P62 -> 0 | ... O47: ='Overview IB'!R62 -> 0 | Q47: =SUM(U47:AD47) -> 0 | S47: =IF(D47=0,0,IF(E47=0,IF(R47=0,Q47/D47,R47/D47),IF(R47=0,Q47/E47,R47/E47))) -> 0
C48: Bereich Sonstige Indikatoren | D48: Anzahl SOLL | E48: Anzahl SOLL berichtigt | F48: M 1 | G48: M 2 | H48: M 3 | I48: M 4 | J48: M 5 | K48: M 6 | L48: M 7 | M48: M 8 | N48: M 9 | O48: M 10 | Q48: IST | R48: IST berichtigt | S48: Erfüllt in % | T48: Anmerkungen | U48: M 1 | V48: M 2 | W48: M 3 | X48: M 4 | Y48: M 5 | Z48: M 6 | AA48: M 7 | AB48: M 8 | AC48: M 9 | AD48: M 10
C49: Anzahl der durchgeführten wissenschaftlichen Studien bzw. begleitenden Berichte oder Evaluierungen | D49: ='Overview IB'!D64 -> 0 | E49: ='Overview IB'!E64 -> 0 | F49: ='Overview IB'!I64 -> 0 | G49: ='Overview IB'!J64 -> 0 | H49: ='Overview IB'!K64 -> 0 | I49: ='Overview IB'!L64 -> 0 | J49: ='Overview IB'!M64 -> 0 | K49: ='Overview IB'!N64 -> 0 | L49: ='Overview IB'!O64 -> 0 | M49: ='Overview IB'!P64 -> 0 | ... O49: ='Overview IB'!R64 -> 0 | Q49: =SUM(U49:AD49) -> 0 | S49: =IF(D49=0,0,IF(E49=0,IF(R49=0,Q49/D49,R49/D49),IF(R49=0,Q49/E49,R49/E49))) -> 0
C50: Anzahl der Ehrenamtlichen | D50: ='Overview IB'!D65 -> 0 | E50: ='Overview IB'!E65 -> 0 | F50: ='Overview IB'!I65 -> 0 | G50: ='Overview IB'!J65 -> 0 | H50: ='Overview IB'!K65 -> 0 | I50: ='Overview IB'!L65 -> 0 | J50: ='Overview IB'!M65 -> 0 | K50: ='Overview IB'!N65 -> 0 | L50: ='Overview IB'!O65 -> 0 | M50: ='Overview IB'!P65 -> 0 | ... O50: ='Overview IB'!R65 -> 0 | Q50: =SUM(U50:AD50) -> 0 | S50: =IF(D50=0,0,IF(E50=0,IF(R50=0,Q50/D50,R50/D50),IF(R50=0,Q50/E50,R50/E50))) -> 0
C51: von diesen geleistete Gesamtstunden | D51: ='Overview IB'!D66 -> 0 | E51: ='Overview IB'!E66 -> 0 | F51: ='Overview IB'!I66 -> 0 | G51: ='Overview IB'!J66 -> 0 | H51: ='Overview IB'!K66 -> 0 | I51: ='Overview IB'!L66 -> 0 | J51: ='Overview IB'!M66 -> 0 | K51: ='Overview IB'!N66 -> 0 | L51: ='Overview IB'!O66 -> 0 | M51: ='Overview IB'!P66 -> 0 | ... O51: ='Overview IB'!R66 -> 0 | Q51: =SUM(U51:AD51) -> 0 | S51: =IF(D51=0,0,IF(E51=0,IF(R51=0,Q51/D51,R51/D51),IF(R51=0,Q51/E51,R51/E51))) -> 0
C52: Anzahl an auszubildenden Multiplikatorinnen und Multiplikatoren | D52: ='Overview IB'!D67 -> 0 | E52: ='Overview IB'!E67 -> 0 | F52: ='Overview IB'!I67 -> 0 | G52: ='Overview IB'!J67 -> 0 | H52: ='Overview IB'!K67 -> 0 | I52: ='Overview IB'!L67 -> 0 | J52: ='Overview IB'!M67 -> 0 | K52: ='Overview IB'!N67 -> 0 | L52: ='Overview IB'!O67 -> 0 | M52: ='Overview IB'!P67 -> 0 | ... O52: ='Overview IB'!R67 -> 0 | Q52: =SUM(U52:AD52) -> 0 | S52: =IF(D52=0,0,IF(E52=0,IF(R52=0,Q52/D52,R52/D52),IF(R52=0,Q52/E52,R52/E52))) -> 0
C53: Anzahl der Kursangebote mit Kinderbetreuung | D53: ='Overview IB'!D68 -> 0 | E53: ='Overview IB'!E68 -> 0 | F53: ='Overview IB'!I68 -> 0 | G53: ='Overview IB'!J68 -> 0 | H53: ='Overview IB'!K68 -> 0 | I53: ='Overview IB'!L68 -> 0 | J53: ='Overview IB'!M68 -> 0 | K53: ='Overview IB'!N68 -> 0 | L53: ='Overview IB'!O68 -> 0 | M53: ='Overview IB'!P68 -> 0 | ... O53: ='Overview IB'!R68 -> 0 | Q53: =SUM(U53:AD53) -> 0 | S53: =IF(D53=0,0,IF(E53=0,IF(R53=0,Q53/D53,R53/D53),IF(R53=0,Q53/E53,R53/E53))) -> 0
C54: Anzahl der Teilnehmenden, die Elternteil betreuter Kinder sind | D54: ='Overview IB'!D69 -> 0 | E54: ='Overview IB'!E69 -> 0 | F54: ='Overview IB'!I69 -> 0 | G54: ='Overview IB'!J69 -> 0 | H54: ='Overview IB'!K69 -> 0 | I54: ='Overview IB'!L69 -> 0 | J54: ='Overview IB'!M69 -> 0 | K54: ='Overview IB'!N69 -> 0 | L54: ='Overview IB'!O69 -> 0 | M54: ='Overview IB'!P69 -> 0 | ... O54: ='Overview IB'!R69 -> 0 | Q54: =SUM(U54:AD54) -> 0 | S54: =IF(D54=0,0,IF(E54=0,IF(R54=0,Q54/D54,R54/D54),IF(R54=0,Q54/E54,R54/E54))) -> 0
C55: Anzahl der betreuten Kinder | D55: ='Overview IB'!D70 -> 0 | E55: ='Overview IB'!E70 -> 0 | F55: ='Overview IB'!I70 -> 0 | G55: ='Overview IB'!J70 -> 0 | H55: ='Overview IB'!K70 -> 0 | I55: ='Overview IB'!L70 -> 0 | J55: ='Overview IB'!M70 -> 0 | K55: ='Overview IB'!N70 -> 0 | L55: ='Overview IB'!O70 -> 0 | M55: ='Overview IB'!P70 -> 0 | ... O55: ='Overview IB'!R70 -> 0 | Q55: =SUM(U55:AD55) -> 0 | S55: =IF(D55=0,0,IF(E55=0,IF(R55=0,Q55/D55,R55/D55),IF(R55=0,Q55/E55,R55/E55))) -> 0
C56: Anzahl der erreichten Teilnehmenden durch Medien | D56: ='Overview IB'!D71 -> 0 | E56: ='Overview IB'!E71 -> 0 | F56: ='Overview IB'!I71 -> 0 | G56: ='Overview IB'!J71 -> 0 | H56: ='Overview IB'!K71 -> 0 | I56: ='Overview IB'!L71 -> 0 | J56: ='Overview IB'!M71 -> 0 | K56: ='Overview IB'!N71 -> 0 | L56: ='Overview IB'!O71 -> 0 | M56: ='Overview IB'!P71 -> 0 | ... O56: ='Overview IB'!R71 -> 0 | Q56: =SUM(U56:AD56) -> 0 | S56: =IF(D56=0,0,IF(E56=0,IF(R56=0,Q56/D56,R56/D56),IF(R56=0,Q56/E56,R56/E56))) -> 0
C57: davon erreichte Teilnehmende durch digitale Medien | D57: ='Overview IB'!D72 -> 0 | E57: ='Overview IB'!E72 -> 0 | F57: ='Overview IB'!I72 -> 0 | G57: ='Overview IB'!J72 -> 0 | H57: ='Overview IB'!K72 -> 0 | I57: ='Overview IB'!L72 -> 0 | J57: ='Overview IB'!M72 -> 0 | K57: ='Overview IB'!N72 -> 0 | L57: ='Overview IB'!O72 -> 0 | M57: ='Overview IB'!P72 -> 0 | ... O57: ='Overview IB'!R72 -> 0 | Q57: =SUM(U57:AD57) -> 0 | S57: =IF(D57=0,0,IF(E57=0,IF(R57=0,Q57/D57,R57/D57),IF(R57=0,Q57/E57,R57/E57))) -> 0
C58: davon erreichte Teilnehmende durch Printmedien | D58: ='Overview IB'!D73 -> 0 | E58: ='Overview IB'!E73 -> 0 | F58: ='Overview IB'!I73 -> 0 | G58: ='Overview IB'!J73 -> 0 | H58: ='Overview IB'!K73 -> 0 | I58: ='Overview IB'!L73 -> 0 | J58: ='Overview IB'!M73 -> 0 | K58: ='Overview IB'!N73 -> 0 | L58: ='Overview IB'!O73 -> 0 | M58: ='Overview IB'!P73 -> 0 | ... O58: ='Overview IB'!R73 -> 0 | Q58: =SUM(U58:AD58) -> 0 | S58: =IF(D58=0,0,IF(E58=0,IF(R58=0,Q58/D58,R58/D58),IF(R58=0,Q58/E58,R58/E58))) -> 0
C59: ='Overview IB'!C74 -> Sonstiger Indikator - frei wählbar lt. Indikatorenblatt | D59: ='Overview IB'!D74 -> 0 | E59: ='Overview IB'!E74 -> 0 | F59: ='Overview IB'!I74 -> 0 | G59: ='Overview IB'!J74 -> 0 | H59: ='Overview IB'!K74 -> 0 | I59: ='Overview IB'!L74 -> 0 | J59: ='Overview IB'!M74 -> 0 | K59: ='Overview IB'!N74 -> 0 | L59: ='Overview IB'!O74 -> 0 | M59: ='Overview IB'!P74 -> 0 | ... O59: ='Overview IB'!R74 -> 0 | Q59: =SUM(U59:AD59) -> 0 | S59: =IF(D59=0,0,IF(E59=0,IF(R59=0,Q59/D59,R59/D59),IF(R59=0,Q59/E59,R59/E59))) -> 0
C60: ='Overview IB'!C75 -> Sonstiger Indikator - frei wählbar lt. Indikatorenblatt | D60: ='Overview IB'!D75 -> 0 | E60: ='Overview IB'!E75 -> 0 | F60: ='Overview IB'!I75 -> 0 | G60: ='Overview IB'!J75 -> 0 | H60: ='Overview IB'!K75 -> 0 | I60: ='Overview IB'!L75 -> 0 | J60: ='Overview IB'!M75 -> 0 | K60: ='Overview IB'!N75 -> 0 | L60: ='Overview IB'!O75 -> 0 | M60: ='Overview IB'!P75 -> 0 | ... O60: ='Overview IB'!R75 -> 0 | Q60: =SUM(U60:AD60) -> 0 | S60: =IF(D60=0,0,IF(E60=0,IF(R60=0,Q60/D60,R60/D60),IF(R60=0,Q60/E60,R60/E60))) -> 0
C62: Evaluierungsindikatoren | D62: Anzahl SOLL | E62: Anzahl SOLL berichtigt | F62: M 1 | G62: M 2 | H62: M 3 | I62: M 4 | J62: M 5 | K62: M 6 | L62: M 7 | M62: M 8 | N62: M 9 | O62: M 10 | Q62: IST | R62: IST berichtigt | S62: Erfüllt in % | T62: Anmerkungen | U62: M 1 | V62: M 2 | W62: M 3 | X62: M 4 | Y62: M 5 | Z62: M 6 | AA62: M 7 | AB62: M 8 | AC62: M 9 | AD62: M 10
C63: Projektteilnehmende nach Zielgruppe
C64: Anzahl der Drittstaatsangehörigen | R64: 12 | U64: Diese Indikatoren sind nur bei IST berichtigt zu erfassen.
C65: Anzahl der Asyl- und subsidiär Schutzberechtigten | R65: 34
C66: Anzahl der Vertriebenen gemäß § 62 AsylG 2005 | R66: 3
C67: Anzahl der EU-Bürger*innen | R67: 3
C68: Anzahl der Österreicher*innen mit Migrationshintergrund | R68: 3
C69: Anzahl der Personen aus der Mehrheitsbevölkerung | R69: 0
C70: gesamt | R70: =SUM(R64:R69) -> 55
C71: Projektteilnehmende nach Alter
C72: Anzahl der Personen von 0 - 6 Jahre | D72: ='Overview IB'!D87 -> 0 | E72: ='Overview IB'!E87 -> 0 | R72: 0 | S72: =IF(R72="",0,IF(D72=0,0,IF(E72=0,IF(R72=0,Q72/D72,R72/D72),IF(R72=0,Q72/E72,R72/E72)))) -> 0 | U72: Diese Indikatoren sind nur bei IST berichtigt zu erfassen.
C73: Anzahl der Personen von 6 - 10 Jahre | D73: ='Overview IB'!D88 -> 0 | E73: ='Overview IB'!E88 -> 0 | R73: 0 | S73: =IF(R73="",0,IF(D73=0,0,IF(E73=0,IF(R73=0,Q73/D73,R73/D73),IF(R73=0,Q73/E73,R73/E73)))) -> 0
C74: Anzahl der Personen von 10 - 14 Jahre | D74: ='Overview IB'!D89 -> 0 | E74: ='Overview IB'!E89 -> 0 | R74: 0 | S74: =IF(R74="",0,IF(D74=0,0,IF(E74=0,IF(R74=0,Q74/D74,R74/D74),IF(R74=0,Q74/E74,R74/E74)))) -> 0
C75: Anzahl der Personen von 14 -18 Jahre | D75: ='Overview IB'!D90 -> 0 | E75: ='Overview IB'!E90 -> 0 | R75: 6 | S75: =IF(R75="",0,IF(D75=0,0,IF(E75=0,IF(R75=0,Q75/D75,R75/D75),IF(R75=0,Q75/E75,R75/E75)))) -> 0
C76: Anzahl der Personen von 18 -30 Jahre | D76: ='Overview IB'!D91 -> 0 | E76: ='Overview IB'!E91 -> 0 | R76: 29 | S76: =IF(R76="",0,IF(D76=0,0,IF(E76=0,IF(R76=0,Q76/D76,R76/D76),IF(R76=0,Q76/E76,R76/E76)))) -> 0
C77: Anzahl der Personen über 30 Jahre | D77: ='Overview IB'!D92 -> 0 | E77: ='Overview IB'!E92 -> 0 | R77: 20 | S77: =IF(R77="",0,IF(D77=0,0,IF(E77=0,IF(R77=0,Q77/D77,R77/D77),IF(R77=0,Q77/E77,R77/E77)))) -> 0
C78: gesamt | D78: ='Overview IB'!D93 -> 0 | E78: ='Overview IB'!E93 -> 0 | R78: =SUM(R72:R77) -> 55 | S78: =IF(R78="",0,IF(D78=0,0,IF(E78=0,IF(R78=0,Q78/D78,R78/D78),IF(R78=0,Q78/E78,R78/E78)))) -> 0
C79: Projektteilnehmende nach Geschlecht
C80: Anzahl der Frauen | D80: ='Overview IB'!D95 -> 0 | E80: ='Overview IB'!E95 -> 0 | R80: 32 | S80: =IF(R80="",0,IF(D80=0,0,IF(E80=0,IF(R80=0,Q80/D80,R80/D80),IF(R80=0,Q80/E80,R80/E80)))) -> 0 | U80: Diese Indikatoren sind nur bei IST berichtigt zu erfassen.
C81: Anzahl der Männer | D81: ='Overview IB'!D96 -> 0 | E81: ='Overview IB'!E96 -> 0 | R81: 23 | S81: =IF(R81="",0,IF(D81=0,0,IF(E81=0,IF(R81=0,Q81/D81,R81/D81),IF(R81=0,Q81/E81,R81/E81)))) -> 0
C82: Anzahl der Personen - divers | D82: ='Overview IB'!D97 -> 0 | E82: ='Overview IB'!E97 -> 0 | R82: 0 | S82: =IF(R82="",0,IF(D82=0,0,IF(E82=0,IF(R82=0,Q82/D82,R82/D82),IF(R82=0,Q82/E82,R82/E82)))) -> 0
C83: Anzahl der Personen - inter | D83: ='Overview IB'!D98 -> 0 | E83: ='Overview IB'!E98 -> 0 | R83: 0 | S83: =IF(R83="",0,IF(D83=0,0,IF(E83=0,IF(R83=0,Q83/D83,R83/D83),IF(R83=0,Q83/E83,R83/E83)))) -> 0
C84: Anzahl der Personen - offen | D84: ='Overview IB'!D99 -> 0 | E84: ='Overview IB'!E99 -> 0 | R84: 0 | S84: =IF(R84="",0,IF(D84=0,0,IF(E84=0,IF(R84=0,Q84/D84,R84/D84),IF(R84=0,Q84/E84,R84/E84)))) -> 0
C85: Anzahl der Personen - eigene Angaben | D85: ='Overview IB'!D100 -> 0 | E85: ='Overview IB'!E100 -> 0 | R85: 0 | S85: =IF(R85="",0,IF(D85=0,0,IF(E85=0,IF(R85=0,Q85/D85,R85/D85),IF(R85=0,Q85/E85,R85/E85)))) -> 0
C86: Anzahl der Personen - keine Angaben | D86: ='Overview IB'!D101 -> 0 | E86: ='Overview IB'!E101 -> 0 | R86: 0 | S86: =IF(R86="",0,IF(D86=0,0,IF(E86=0,IF(R86=0,Q86/D86,R86/D86),IF(R86=0,Q86/E86,R86/E86)))) -> 0
C87: gesamt | D87: ='Overview IB'!D102 -> 0 | E87: ='Overview IB'!E102 -> 0 | R87: =SUM(R80:R86) -> 55 | S87: =IF(R87="",0,IF(D87=0,0,IF(E87=0,IF(R87=0,Q87/D87,R87/D87),IF(R87=0,Q87/E87,R87/E87)))) -> 0
C88: Anzahl der erstmalig am Projekt teilnehmenden Personen | D88: ='Overview IB'!D103 -> 0 | E88: ='Overview IB'!E103 -> 0 | F88: ='Overview IB'!I103 -> 0 | G88: ='Overview IB'!J103 -> 0 | H88: ='Overview IB'!K103 -> 0 | I88: ='Overview IB'!L103 -> 0 | J88: ='Overview IB'!M103 -> 0 | K88: ='Overview IB'!N103 -> 0 | L88: ='Overview IB'!O103 -> 0 | M88: ='Overview IB'!P103 -> 0 | ... O88: ='Overview IB'!R103 -> 0 | Q88: =SUM(U88:AD88) -> 0 | R88: 43 | S88: =IF(R88="",0,IF(D88=0,0,IF(E88=0,IF(R88=0,Q88/D88,R88/D88),IF(R88=0,Q88/E88,R88/E88)))) -> 0
C90: Wirkungsindikatoren | D90: Anzahl SOLL | E90: Anzahl SOLL berichtigt | F90: M 1 | G90: M 2 | H90: M 3 | I90: M 4 | J90: M 5 | K90: M 6 | L90: M 7 | M90: M 8 | N90: M 9 | O90: M 10 | Q90: IST | R90: IST berichtigt | S90: Erfüllt in % | T90: Anmerkungen | U90: M 1 | V90: M 2 | W90: M 3 | X90: M 4 | Y90: M 5 | Z90: M 6 | AA90: M 7 | AB90: M 8 | AC90: M 9 | AD90: M 10
C91: Anzahl der MultiplikatorInnen mit konkreter Aktivität bis zwei Monate nach Projektteilnahme | D91: ='Overview IB'!D106 -> 0 | E91: ='Overview IB'!E106 -> 0 | F91: ='Overview IB'!I106 -> 0 | G91: ='Overview IB'!J106 -> 0 | H91: ='Overview IB'!K106 -> 0 | I91: ='Overview IB'!L106 -> 0 | J91: ='Overview IB'!M106 -> 0 | K91: ='Overview IB'!N106 -> 0 | L91: ='Overview IB'!O106 -> 0 | M91: ='Overview IB'!P106 -> 0 | ... O91: ='Overview IB'!R106 -> 0 | Q91: =SUM(U91:AD91) -> 0 | R91: 0 | S91: =IF(D91=0,0,IF(E91=0,IF(R91=0,Q91/D91,R91/D91),IF(R91=0,Q91/E91,R91/E91))) -> 0 | T91: Multiplikator*innen sind nicht die Zielgruppe unseres Projekts. Im Rahmen der Akquise und Arbeit mit den TN sind wir in Kontakt mit Berufsschulen, Lehrbetrieben, Arbeitgebern und Lehrlings/-Jugendcoaches unterschiedlicher Organisationen. Eine genaue Anzahl der Case-Manager, mit der wir zu tun haben, wurde nicht erhoben.
C92: Anzahl der Teilnehmenden, die innerhalb von zwei Monaten nach Projektteilnahme ein Zertifikat erwerben | D92: ='Overview IB'!D107 -> 0 | E92: ='Overview IB'!E107 -> 0 | F92: ='Overview IB'!I107 -> 0 | G92: ='Overview IB'!J107 -> 0 | H92: ='Overview IB'!K107 -> 0 | I92: ='Overview IB'!L107 -> 0 | J92: ='Overview IB'!M107 -> 0 | K92: ='Overview IB'!N107 -> 0 | L92: ='Overview IB'!O107 -> 0 | M92: ='Overview IB'!P107 -> 0 | ... O92: ='Overview IB'!R107 -> 0 | Q92: =SUM(U92:AD92) -> 0 | R92: 9 | S92: =IF(D92=0,0,IF(E92=0,IF(R92=0,Q92/D92,R92/D92),IF(R92=0,Q92/E92,R92/E92))) -> 0 | T92: Die Zahl beinhaltet von den Teilnehmenden erlangte "Zertifikate" in Bezug auf die LAP. (Berufsschulzeugnis (E3) /LAP-Prüfung abgelegt (E6) /Teilprüfungen der LAP abgelegt (E7)
C93: Anzahl der Teilnehmenden in weiterführenden externen Bildungsmaßnahmen, auf die im Projekt vorbereitet wurde, bis zwei Monate nach Projektteilnahme | D93: ='Overview IB'!D108 -> 0 | E93: ='Overview IB'!E108 -> 0 | F93: ='Overview IB'!I108 -> 0 | G93: ='Overview IB'!J108 -> 0 | H93: ='Overview IB'!K108 -> 0 | I93: ='Overview IB'!L108 -> 0 | J93: ='Overview IB'!M108 -> 0 | K93: ='Overview IB'!N108 -> 0 | L93: ='Overview IB'!O108 -> 0 | M93: ='Overview IB'!P108 -> 0 | ... O93: ='Overview IB'!R108 -> 0 | Q93: =SUM(U93:AD93) -> 0 | R93: 1 | S93: =IF(D93=0,0,IF(E93=0,IF(R93=0,Q93/D93,R93/D93),IF(R93=0,Q93/E93,R93/E93))) -> 0 | T93: Die Zahlt ergibt sich aus TN, die eine Berufsschule oder einen LAP-Vorbereitungskurs begannen im Zeitraum des Projekts. (Eintritt in Berufsschule (E1) oder LAP-Vorbereitungskurs (E4)
C94: Anzahl der Teilnehmenden mit einer Verbesserung um eine Schulnote oder mit Aufstieg in die nächste Schulstufe | D94: ='Overview IB'!D109 -> 0 | E94: ='Overview IB'!E109 -> 0 | F94: ='Overview IB'!I109 -> 0 | G94: ='Overview IB'!J109 -> 0 | H94: ='Overview IB'!K109 -> 0 | I94: ='Overview IB'!L109 -> 0 | J94: ='Overview IB'!M109 -> 0 | K94: ='Overview IB'!N109 -> 0 | L94: ='Overview IB'!O109 -> 0 | M94: ='Overview IB'!P109 -> 0 | ... O94: ='Overview IB'!R109 -> 0 | Q94: =SUM(U94:AD94) -> 0 | R94: 0 | S94: =IF(D94=0,0,IF(E94=0,IF(R94=0,Q94/D94,R94/D94),IF(R94=0,Q94/E94,R94/E94))) -> 0 | T94: Schulnoten sind nicht Fokus unseres Projekts. Wir arbeiten mit den TN daran, dass sie ein gesamtes Berufsschuljahr positiv abschließen. Siehe dazu Wirkungsindikator 2 (Zertifikat). Viele haben keine Schulnoten, da sie eine Lehre auf dem zweiten Bildungsweg absolvieren. Wir motivieren unsere TN, sich bereits vor dem Berufsschuljahr vorzubereiten. Sie verbessern sich bereits vor dem Schuljahr/vor dem LAP-Kurs in den für sie problematischen Kompetenzfeldern.
C95: Anzahl der Teilnehmenden mit einer vermittelten Lehrstelle bis zwei Monate nach Projektteilnahme | D95: ='Overview IB'!D110 -> 0 | E95: ='Overview IB'!E110 -> 0 | F95: ='Overview IB'!I110 -> 0 | G95: ='Overview IB'!J110 -> 0 | H95: ='Overview IB'!K110 -> 0 | I95: ='Overview IB'!L110 -> 0 | J95: ='Overview IB'!M110 -> 0 | K95: ='Overview IB'!N110 -> 0 | L95: ='Overview IB'!O110 -> 0 | M95: ='Overview IB'!P110 -> 0 | ... O95: ='Overview IB'!R110 -> 0 | Q95: =SUM(U95:AD95) -> 0 | R95: 1 | S95: =IF(D95=0,0,IF(E95=0,IF(R95=0,Q95/D95,R95/D95),IF(R95=0,Q95/E95,R95/E95))) -> 0 | T95: Fokus des Projekts ist eine längerfristige Lernbegleitung, bei der sich der Erfolg einer vermittelten Lehrstelle einstellen kann, aber nicht Fokus der Projektarbeit ist. Es wird nicht aktiv Lehrstellensuche betrieben (siehe Projektbeschreibung S. 12). siehe Eintritt in Berufsschule (E1)
C96: Anzahl der Teilnehmenden mit Praktikumsplatz bis zwei Monate nach Projektteilnahme | D96: ='Overview IB'!D111 -> 0 | E96: ='Overview IB'!E111 -> 0 | F96: ='Overview IB'!I111 -> 0 | G96: ='Overview IB'!J111 -> 0 | H96: ='Overview IB'!K111 -> 0 | I96: ='Overview IB'!L111 -> 0 | J96: ='Overview IB'!M111 -> 0 | K96: ='Overview IB'!N111 -> 0 | L96: ='Overview IB'!O111 -> 0 | M96: ='Overview IB'!P111 -> 0 | ... O96: ='Overview IB'!R111 -> 0 | Q96: =SUM(U96:AD96) -> 0 | R96: 4 | S96: =IF(D96=0,0,IF(E96=0,IF(R96=0,Q96/D96,R96/D96),IF(R96=0,Q96/E96,R96/E96))) -> 0 | T96: Im Rahmen des Projekts suchen wir nicht aktiv Praktikumsplätze mit den TN. Im Rahmen der Lernbegleitung werden Kompetenzen dahingehend gesteigert, dass eine Praktikumssuche erleichtert wird. Die angegebene Zahl basiert auf freiwillige Rückmeldungen der TN während der Lernbegleitung.
C97: Anzahl der Teilnehmenden mit erfolgreicher Arbeitsmarktintegration bis zwei Monate nach Projektteilnahme | D97: ='Overview IB'!D112 -> 0 | E97: ='Overview IB'!E112 -> 0 | F97: ='Overview IB'!I112 -> 0 | G97: ='Overview IB'!J112 -> 0 | H97: ='Overview IB'!K112 -> 0 | I97: ='Overview IB'!L112 -> 0 | J97: ='Overview IB'!M112 -> 0 | K97: ='Overview IB'!N112 -> 0 | L97: ='Overview IB'!O112 -> 0 | M97: ='Overview IB'!P112 -> 0 | ... O97: ='Overview IB'!R112 -> 0 | Q97: =SUM(U97:AD97) -> 0 | R97: 5 | S97: =IF(D97=0,0,IF(E97=0,IF(R97=0,Q97/D97,R97/D97),IF(R97=0,Q97/E97,R97/E97))) -> 0 | T97: Die Arbeitsmarktintegration ist den TN im Rahmen des Projekts selbst überlassen. Arbeitslosigkeit ist kein Aufnahmekriterium des Projekts. Manche TN arbeiten bereits bei Projekteintritt. Im Rahmen der Lernbegleitung werden Kompetenzen dahingehend gesteigert, dass eine Arbeitsmarktintegration erleichtert wird. Wir arbeiten mit den TN an ihren Lernerfolgen, die die Basis legt, um am Arbeitsmarkt eine Chance zu haben. Durch das dadurch gewonnene Selbstvertrauen und den Rückhalt werden sie ermutigt sich selbstständig in den Arbeitsmarkt zu integrieren. Die angegebene Zahl basiert auf freiwillige Rückmeldungen der TN während der Lernbegleitung.
C98: ='Overview IB'!C113 -> Anzahl der Teilnehmenden, die Teilziele auf ihrem Weg zur LAP (gemäß individuellem Bildungsplan) erreicht haben. | D98: ='Overview IB'!D113 -> 0 | E98: ='Overview IB'!E113 -> 0 | F98: ='Overview IB'!I113 -> 0 | G98: ='Overview IB'!J113 -> 0 | H98: ='Overview IB'!K113 -> 0 | I98: ='Overview IB'!L113 -> 0 | J98: ='Overview IB'!M113 -> 0 | K98: ='Overview IB'!N113 -> 0 | L98: ='Overview IB'!O113 -> 0 | M98: ='Overview IB'!P113 -> 0 | ... O98: ='Overview IB'!R113 -> 0 | Q98: =SUM(U98:AD98) -> 0 | R98: 26 | S98: =IF(D98=0,0,IF(E98=0,IF(R98=0,Q98/D98,R98/D98),IF(R98=0,Q98/E98,R98/E98))) -> 0 | T98: Da der Weg zur LAP für unsere Zielgruppe meist ein längerer ist, ist die Erreichung ihrer festgesetzten Teilziele gemäß individuellem Bildungsplan bereits ein wesentlicher Erfolgsindikator.

Sheet 3. ZWB
C4: Zeitraum des Indikatorenberichts | I4: Angaben zum Projekt
C5: von | D5: =L5 -> 45292 | I5: Laufzeit Beginn | L5: =IF('Overview IB'!D9="","",'Overview IB'!D9) -> 45292
C6: bis | D6: 45838 | I6: Laufzeit Ende | L6: =IF('Overview IB'!D10="","",'Overview IB'!D10) -> 46022
C7: Anteil an Laufzeit | D7: =IF(OR(D5="",L7="befüllt sich automatisch"),0,((D6-D5)/30)/L7) -> 0.74794521 | I7: Projektdauer in Monaten | L7: =IF(IF(OR(L6="",L5=""),"",(L6-L5)/30)="","befüllt sich automatisch",IF(OR(L6="",L5=""),"",(L6-L5)/30)) -> 24.333333
C9: Zielindikatoren | D9: Anzahl SOLL lt. Vertrag | E9: Anzahl SOLL berichtigt lt. Vertrag | F9: Maßnahmen Soll lt. Vertrag | Q9: Anzahl IST - gesamt | R9: Anzahl IST - gesamt - berichtigt | S9: Erfüllt in % | T9: allgemeine Anmerkungen zu den IST-Indikatoren | U9: Maßnahmen IST lt. Vertrag
F10: M 1 | G10: M 2 | H10: M 3 | I10: M 4 | J10: M 5 | K10: M 6 | L10: M 7 | M10: M 8 | N10: M 9 | O10: M 10 | U10: M 1 | V10: M 2 | W10: M 3 | X10: M 4 | Y10: M 5 | Z10: M 6 | AA10: M 7 | AB10: M 8 | AC10: M 9 | AD10: M 10
C11: Anzahl der Projektteilnehmenden gesamt | D11: ='Overview IB'!D26 -> 194 | E11: ='Overview IB'!E26 -> 72 | F11: ='Overview IB'!I26 -> 72 | G11: ='Overview IB'!J26 -> 72 | H11: ='Overview IB'!K26 -> 50 | I11: ='Overview IB'!L26 -> 0 | J11: ='Overview IB'!M26 -> 0 | K11: ='Overview IB'!N26 -> 0 | L11: ='Overview IB'!O26 -> 0 | M11: ='Overview IB'!P26 -> 0 | ... O11: ='Overview IB'!R26 -> 0 | Q11: =SUM(U11:AD11) -> 194 | R11: 74 | S11: =IF(D11=0,0,IF(E11=0,IF(R11=0,Q11/D11,R11/D11),IF(R11=0,Q11/E11,R11/E11))) -> 1.0277778 | U11: 74 | V11: 74 | W11: 46
C12: Anzahl der verfügbaren Plätze im Projekt | D12: ='Overview IB'!D27 -> 194 | E12: ='Overview IB'!E27 -> 72 | F12: ='Overview IB'!I27 -> 72 | G12: ='Overview IB'!J27 -> 72 | H12: ='Overview IB'!K27 -> 50 | I12: ='Overview IB'!L27 -> 0 | J12: ='Overview IB'!M27 -> 0 | K12: ='Overview IB'!N27 -> 0 | L12: ='Overview IB'!O27 -> 0 | M12: ='Overview IB'!P27 -> 0 | ... O12: ='Overview IB'!R27 -> 0 | Q12: =SUM(U12:AD12) -> 194 | R12: 74 | S12: =IF(D12=0,0,IF(E12=0,IF(R12=0,Q12/D12,R12/D12),IF(R12=0,Q12/E12,R12/E12))) -> 1.0277778 | U12: 74 | V12: 74 | W12: 46
C13: Anzahl der Standorte, an denen die Maßnahmen durchgeführt werden | D13: ='Overview IB'!D28 -> 3 | E13: ='Overview IB'!E28 -> 1 | F13: ='Overview IB'!I28 -> 1 | G13: ='Overview IB'!J28 -> 1 | H13: ='Overview IB'!K28 -> 1 | I13: ='Overview IB'!L28 -> 0 | J13: ='Overview IB'!M28 -> 0 | K13: ='Overview IB'!N28 -> 0 | L13: ='Overview IB'!O28 -> 0 | M13: ='Overview IB'!P28 -> 0 | ... O13: ='Overview IB'!R28 -> 0 | Q13: =SUM(U13:AD13) -> 3 | R13: 1 | S13: =IF(D13=0,0,IF(E13=0,IF(R13=0,Q13/D13,R13/D13),IF(R13=0,Q13/E13,R13/E13))) -> 1 | U13: 1 | V13: 1 | W13: 1
C14: Bereich Veranstaltungen | D14: Anzahl SOLL | E14: Anzahl SOLL berichtigt | F14: M 1 | G14: M 2 | H14: M 3 | I14: M 4 | J14: M 5 | K14: M 6 | L14: M 7 | M14: M 8 | N14: M 9 | O14: M 10 | Q14: IST | R14: IST berichtigt | S14: Erfüllt in % | T14: Anmerkungen | U14: M 1 | V14: M 2 | W14: M 3 | X14: M 4 | Y14: M 5 | Z14: M 6 | AA14: M 7 | AB14: M 8 | AC14: M 9 | AD14: M 10
C15: Anzahl der Veranstaltungen | D15: ='Overview IB'!D30 -> 0 | E15: ='Overview IB'!E30 -> 0 | F15: ='Overview IB'!I30 -> 0 | G15: ='Overview IB'!J30 -> 0 | H15: ='Overview IB'!K30 -> 0 | I15: ='Overview IB'!L30 -> 0 | J15: ='Overview IB'!M30 -> 0 | K15: ='Overview IB'!N30 -> 0 | L15: ='Overview IB'!O30 -> 0 | M15: ='Overview IB'!P30 -> 0 | ... O15: ='Overview IB'!R30 -> 0 | Q15: =SUM(U15:AD15) -> 0 | S15: =IF(D15=0,0,IF(E15=0,IF(R15=0,Q15/D15,R15/D15),IF(R15=0,Q15/E15,R15/E15))) -> 0
C16: Anzahl der Veranstaltungsteilnehmenden gesamt | D16: ='Overview IB'!D31 -> 0 | E16: ='Overview IB'!E31 -> 0 | F16: ='Overview IB'!I31 -> 0 | G16: ='Overview IB'!J31 -> 0 | H16: ='Overview IB'!K31 -> 0 | I16: ='Overview IB'!L31 -> 0 | J16: ='Overview IB'!M31 -> 0 | K16: ='Overview IB'!N31 -> 0 | L16: ='Overview IB'!O31 -> 0 | M16: ='Overview IB'!P31 -> 0 | ... O16: ='Overview IB'!R31 -> 0 | Q16: =SUM(U16:AD16) -> 0 | S16: =IF(D16=0,0,IF(E16=0,IF(R16=0,Q16/D16,R16/D16),IF(R16=0,Q16/E16,R16/E16))) -> 0
C17: Anzahl der Kurse/Workshops/Trainings | D17: ='Overview IB'!D32 -> 0 | E17: ='Overview IB'!E32 -> 0 | F17: ='Overview IB'!I32 -> 0 | G17: ='Overview IB'!J32 -> 0 | H17: ='Overview IB'!K32 -> 0 | I17: ='Overview IB'!L32 -> 0 | J17: ='Overview IB'!M32 -> 0 | K17: ='Overview IB'!N32 -> 0 | L17: ='Overview IB'!O32 -> 0 | M17: ='Overview IB'!P32 -> 0 | ... O17: ='Overview IB'!R32 -> 0 | Q17: =SUM(U17:AD17) -> 0 | S17: =IF(D17=0,0,IF(E17=0,IF(R17=0,Q17/D17,R17/D17),IF(R17=0,Q17/E17,R17/E17))) -> 0
C18: Anzahl der Teilnehmenden an Kursen/Workshops/ Trainings | D18: ='Overview IB'!D33 -> 0 | E18: ='Overview IB'!E33 -> 0 | F18: ='Overview IB'!I33 -> 0 | G18: ='Overview IB'!J33 -> 0 | H18: ='Overview IB'!K33 -> 0 | I18: ='Overview IB'!L33 -> 0 | J18: ='Overview IB'!M33 -> 0 | K18: ='Overview IB'!N33 -> 0 | L18: ='Overview IB'!O33 -> 0 | M18: ='Overview IB'!P33 -> 0 | ... O18: ='Overview IB'!R33 -> 0 | Q18: =SUM(U18:AD18) -> 0 | S18: =IF(D18=0,0,IF(E18=0,IF(R18=0,Q18/D18,R18/D18),IF(R18=0,Q18/E18,R18/E18))) -> 0
C19: Anzahl der Kurs-, Workshop- bzw. Trainingsstunden | D19: ='Overview IB'!D34 -> 0 | E19: ='Overview IB'!E34 -> 0 | F19: ='Overview IB'!I34 -> 0 | G19: ='Overview IB'!J34 -> 0 | H19: ='Overview IB'!K34 -> 0 | I19: ='Overview IB'!L34 -> 0 | J19: ='Overview IB'!M34 -> 0 | K19: ='Overview IB'!N34 -> 0 | L19: ='Overview IB'!O34 -> 0 | M19: ='Overview IB'!P34 -> 0 | ... O19: ='Overview IB'!R34 -> 0 | Q19: =SUM(U19:AD19) -> 0 | S19: =IF(D19=0,0,IF(E19=0,IF(R19=0,Q19/D19,R19/D19),IF(R19=0,Q19/E19,R19/E19))) -> 0
C20: Bereich Beratung | D20: Anzahl SOLL | E20: Anzahl SOLL berichtigt | F20: M 1 | G20: M 2 | H20: M 3 | I20: M 4 | J20: M 5 | K20: M 6 | L20: M 7 | M20: M 8 | N20: M 9 | O20: M 10 | Q20: IST | R20: IST berichtigt | S20: Erfüllt in % | T20: Anmerkungen | U20: M 1 | V20: M 2 | W20: M 3 | X20: M 4 | Y20: M 5 | Z20: M 6 | AA20: M 7 | AB20: M 8 | AC20: M 9 | AD20: M 10
C21: Anzahl der Einzelberatungen bzw. -betreuung | D21: ='Overview IB'!D36 -> 0 | E21: ='Overview IB'!E36 -> 0 | F21: ='Overview IB'!I36 -> 0 | G21: ='Overview IB'!J36 -> 0 | H21: ='Overview IB'!K36 -> 0 | I21: ='Overview IB'!L36 -> 0 | J21: ='Overview IB'!M36 -> 0 | K21: ='Overview IB'!N36 -> 0 | L21: ='Overview IB'!O36 -> 0 | M21: ='Overview IB'!P36 -> 0 | ... O21: ='Overview IB'!R36 -> 0 | Q21: =SUM(U21:AD21) -> 0 | S21: =IF(D21=0,0,IF(E21=0,IF(R21=0,Q21/D21,R21/D21),IF(R21=0,Q21/E21,R21/E21))) -> 0
C22: Anzahl der in Einzelberatung beratenen, betreuten oder gecoachten Personen | D22: ='Overview IB'!D37 -> 144 | E22: ='Overview IB'!E37 -> 72 | F22: ='Overview IB'!I37 -> 72 | G22: ='Overview IB'!J37 -> 72 | H22: ='Overview IB'!K37 -> 0 | I22: ='Overview IB'!L37 -> 0 | J22: ='Overview IB'!M37 -> 0 | K22: ='Overview IB'!N37 -> 0 | L22: ='Overview IB'!O37 -> 0 | M22: ='Overview IB'!P37 -> 0 | ... O22: ='Overview IB'!R37 -> 0 | Q22: =SUM(U22:AD22) -> 148 | R22: 74 | S22: =IF(D22=0,0,IF(E22=0,IF(R22=0,Q22/D22,R22/D22),IF(R22=0,Q22/E22,R22/E22))) -> 1.0277778 | U22: 74 | V22: 74
C23: Anzahl der Einzelberatungs-/Betreuungs-/ Coachingstunden | D23: ='Overview IB'!D38 -> 1170 | E23: ='Overview IB'!E38 -> 1170 | F23: ='Overview IB'!I38 -> 360 | G23: ='Overview IB'!J38 -> 810 | H23: ='Overview IB'!K38 -> 0 | I23: ='Overview IB'!L38 -> 0 | J23: ='Overview IB'!M38 -> 0 | K23: ='Overview IB'!N38 -> 0 | L23: ='Overview IB'!O38 -> 0 | M23: ='Overview IB'!P38 -> 0 | ... O23: ='Overview IB'!R38 -> 0 | Q23: =SUM(U23:AD23) -> 952 | R23: 952 | S23: =IF(D23=0,0,IF(E23=0,IF(R23=0,Q23/D23,R23/D23),IF(R23=0,Q23/E23,R23/E23))) -> 0.81367521 | U23: 288.5 | V23: 663.5
C24: Anzahl der Gruppenberatungen bzw. -betreuung (min 3 Personen) | D24: ='Overview IB'!D39 -> 0 | E24: ='Overview IB'!E39 -> 0 | F24: ='Overview IB'!I39 -> 0 | G24: ='Overview IB'!J39 -> 0 | H24: ='Overview IB'!K39 -> 0 | I24: ='Overview IB'!L39 -> 0 | J24: ='Overview IB'!M39 -> 0 | K24: ='Overview IB'!N39 -> 0 | L24: ='Overview IB'!O39 -> 0 | M24: ='Overview IB'!P39 -> 0 | ... O24: ='Overview IB'!R39 -> 0 | Q24: =SUM(U24:AD24) -> 0 | S24: =IF(D24=0,0,IF(E24=0,IF(R24=0,Q24/D24,R24/D24),IF(R24=0,Q24/E24,R24/E24))) -> 0
C25: Anzahl der in Gruppenberatung beratenen oder betreuten Personen | D25: ='Overview IB'!D40 -> 50 | E25: ='Overview IB'!E40 -> 50 | F25: ='Overview IB'!I40 -> 0 | G25: ='Overview IB'!J40 -> 0 | H25: ='Overview IB'!K40 -> 50 | I25: ='Overview IB'!L40 -> 0 | J25: ='Overview IB'!M40 -> 0 | K25: ='Overview IB'!N40 -> 0 | L25: ='Overview IB'!O40 -> 0 | M25: ='Overview IB'!P40 -> 0 | ... O25: ='Overview IB'!R40 -> 0 | Q25: =SUM(U25:AD25) -> 46 | R25: 46 | S25: =IF(D25=0,0,IF(E25=0,IF(R25=0,Q25/D25,R25/D25),IF(R25=0,Q25/E25,R25/E25))) -> 0.92 | W25: 46
C26: Anzahl der Gruppenberatungs-/Betreuungsstunden | D26: ='Overview IB'!D41 -> 540 | E26: ='Overview IB'!E41 -> 540 | F26: ='Overview IB'!I41 -> 0 | G26: ='Overview IB'!J41 -> 0 | H26: ='Overview IB'!K41 -> 540 | I26: ='Overview IB'!L41 -> 0 | J26: ='Overview IB'!M41 -> 0 | K26: ='Overview IB'!N41 -> 0 | L26: ='Overview IB'!O41 -> 0 | M26: ='Overview IB'!P41 -> 0 | ... O26: ='Overview IB'!R41 -> 0 | Q26: =SUM(U26:AD26) -> 435.5 | R26: 435.5 | S26: =IF(D26=0,0,IF(E26=0,IF(R26=0,Q26/D26,R26/D26),IF(R26=0,Q26/E26,R26/E26))) -> 0.80648148 | W26: 435.5
C27: Anzahl der Familienberatungen (pro Familie) | D27: ='Overview IB'!D42 -> 0 | E27: ='Overview IB'!E42 -> 0 | F27: ='Overview IB'!I42 -> 0 | G27: ='Overview IB'!J42 -> 0 | H27: ='Overview IB'!K42 -> 0 | I27: ='Overview IB'!L42 -> 0 | J27: ='Overview IB'!M42 -> 0 | K27: ='Overview IB'!N42 -> 0 | L27: ='Overview IB'!O42 -> 0 | M27: ='Overview IB'!P42 -> 0 | ... O27: ='Overview IB'!R42 -> 0 | Q27: =SUM(U27:AD27) -> 0 | S27: =IF(D27=0,0,IF(E27=0,IF(R27=0,Q27/D27,R27/D27),IF(R27=0,Q27/E27,R27/E27))) -> 0
C28: Anzahl der familienberatenen oder betreuten Personen | D28: ='Overview IB'!D43 -> 0 | E28: ='Overview IB'!E43 -> 0 | F28: ='Overview IB'!I43 -> 0 | G28: ='Overview IB'!J43 -> 0 | H28: ='Overview IB'!K43 -> 0 | I28: ='Overview IB'!L43 -> 0 | J28: ='Overview IB'!M43 -> 0 | K28: ='Overview IB'!N43 -> 0 | L28: ='Overview IB'!O43 -> 0 | M28: ='Overview IB'!P43 -> 0 | ... O28: ='Overview IB'!R43 -> 0 | Q28: =SUM(U28:AD28) -> 0 | S28: =IF(D28=0,0,IF(E28=0,IF(R28=0,Q28/D28,R28/D28),IF(R28=0,Q28/E28,R28/E28))) -> 0
C29: Anzahl der Beratungs-/Betreuungsstunden für Familien | D29: ='Overview IB'!D44 -> 0 | E29: ='Overview IB'!E44 -> 0 | F29: ='Overview IB'!I44 -> 0 | G29: ='Overview IB'!J44 -> 0 | H29: ='Overview IB'!K44 -> 0 | I29: ='Overview IB'!L44 -> 0 | J29: ='Overview IB'!M44 -> 0 | K29: ='Overview IB'!N44 -> 0 | L29: ='Overview IB'!O44 -> 0 | M29: ='Overview IB'!P44 -> 0 | ... O29: ='Overview IB'!R44 -> 0 | Q29: =SUM(U29:AD29) -> 0 | S29: =IF(D29=0,0,IF(E29=0,IF(R29=0,Q29/D29,R29/D29),IF(R29=0,Q29/E29,R29/E29))) -> 0
C30: Anzahl der Hausbesuche | D30: ='Overview IB'!D45 -> 0 | E30: ='Overview IB'!E45 -> 0 | F30: ='Overview IB'!I45 -> 0 | G30: ='Overview IB'!J45 -> 0 | H30: ='Overview IB'!K45 -> 0 | I30: ='Overview IB'!L45 -> 0 | J30: ='Overview IB'!M45 -> 0 | K30: ='Overview IB'!N45 -> 0 | L30: ='Overview IB'!O45 -> 0 | M30: ='Overview IB'!P45 -> 0 | ... O30: ='Overview IB'!R45 -> 0 | Q30: =SUM(U30:AD30) -> 0 | S30: =IF(D30=0,0,IF(E30=0,IF(R30=0,Q30/D30,R30/D30),IF(R30=0,Q30/E30,R30/E30))) -> 0
C31: Anzahl besuchter Haushalte | D31: ='Overview IB'!D46 -> 0 | E31: ='Overview IB'!E46 -> 0 | F31: ='Overview IB'!I46 -> 0 | G31: ='Overview IB'!J46 -> 0 | H31: ='Overview IB'!K46 -> 0 | I31: ='Overview IB'!L46 -> 0 | J31: ='Overview IB'!M46 -> 0 | K31: ='Overview IB'!N46 -> 0 | L31: ='Overview IB'!O46 -> 0 | M31: ='Overview IB'!P46 -> 0 | ... O31: ='Overview IB'!R46 -> 0 | Q31: =SUM(U31:AD31) -> 0 | S31: =IF(D31=0,0,IF(E31=0,IF(R31=0,Q31/D31,R31/D31),IF(R31=0,Q31/E31,R31/E31))) -> 0
C32: Anzahl besuchter Personen | D32: ='Overview IB'!D47 -> 0 | E32: ='Overview IB'!E47 -> 0 | F32: ='Overview IB'!I47 -> 0 | G32: ='Overview IB'!J47 -> 0 | H32: ='Overview IB'!K47 -> 0 | I32: ='Overview IB'!L47 -> 0 | J32: ='Overview IB'!M47 -> 0 | K32: ='Overview IB'!N47 -> 0 | L32: ='Overview IB'!O47 -> 0 | M32: ='Overview IB'!P47 -> 0 | ... O32: ='Overview IB'!R47 -> 0 | Q32: =SUM(U32:AD32) -> 0 | S32: =IF(D32=0,0,IF(E32=0,IF(R32=0,Q32/D32,R32/D32),IF(R32=0,Q32/E32,R32/E32))) -> 0
C33: Bereich Sprache | D33: Anzahl SOLL | E33: Anzahl SOLL berichtigt | F33: M 1 | G33: M 2 | H33: M 3 | I33: M 4 | J33: M 5 | K33: M 6 | L33: M 7 | M33: M 8 | N33: M 9 | O33: M 10 | Q33: IST | R33: IST berichtigt | S33: Erfüllt in % | T33: Anmerkungen | U33: M 1 | V33: M 2 | W33: M 3 | X33: M 4 | Y33: M 5 | Z33: M 6 | AA33: M 7 | AB33: M 8 | AC33: M 9 | AD33: M 10
C34: Anzahl der Fachsprach- bzw. Sprachkurse gesamt | D34: ='Overview IB'!D49 -> 0 | E34: ='Overview IB'!E49 -> 0 | F34: ='Overview IB'!I49 -> 0 | G34: ='Overview IB'!J49 -> 0 | H34: ='Overview IB'!K49 -> 0 | I34: ='Overview IB'!L49 -> 0 | J34: ='Overview IB'!M49 -> 0 | K34: ='Overview IB'!N49 -> 0 | L34: ='Overview IB'!O49 -> 0 | M34: ='Overview IB'!P49 -> 0 | ... O34: ='Overview IB'!R49 -> 0 | Q34: =SUM(Q35:Q39) -> 0 | R34: =SUM(R35:R39) -> 0 | S34: =IF(D34=0,0,IF(E34=0,IF(R34=0,Q34/D34,R34/D34),IF(R34=0,Q34/E34,R34/E34))) -> 0 | U34: =SUM(U35:U39) -> 0 | V34: =SUM(V35:V39) -> 0 | W34: =SUM(W35:W39) -> 0 | X34: =SUM(X35:X39) -> 0 | Y34: =SUM(Y35:Y39) -> 0 | Z34: =SUM(Z35:Z39) -> 0 | AA34: =SUM(AA35:AA39) -> 0 | AB34: =SUM(AB35:AB39) -> 0 | ... AD34: =SUM(AD35:AD39) -> 0
C35: davon Alphabetisierung | D35: ='Overview IB'!D50 -> 0 | E35: ='Overview IB'!E50 -> 0 | F35: ='Overview IB'!I50 -> 0 | G35: ='Overview IB'!J50 -> 0 | H35: ='Overview IB'!K50 -> 0 | I35: ='Overview IB'!L50 -> 0 | J35: ='Overview IB'!M50 -> 0 | K35: ='Overview IB'!N50 -> 0 | L35: ='Overview IB'!O50 -> 0 | M35: ='Overview IB'!P50 -> 0 | ... O35: ='Overview IB'!R50 -> 0 | Q35: =SUM(U35:AD35) -> 0 | S35: =IF(D35=0,0,IF(E35=0,IF(R35=0,Q35/D35,R35/D35),IF(R35=0,Q35/E35,R35/E35))) -> 0
C36: davon A1 | D36: ='Overview IB'!D51 -> 0 | E36: ='Overview IB'!E51 -> 0 | F36: ='Overview IB'!I51 -> 0 | G36: ='Overview IB'!J51 -> 0 | H36: ='Overview IB'!K51 -> 0 | I36: ='Overview IB'!L51 -> 0 | J36: ='Overview IB'!M51 -> 0 | K36: ='Overview IB'!N51 -> 0 | L36: ='Overview IB'!O51 -> 0 | M36: ='Overview IB'!P51 -> 0 | ... O36: ='Overview IB'!R51 -> 0 | Q36: =SUM(U36:AD36) -> 0 | S36: =IF(D36=0,0,IF(E36=0,IF(R36=0,Q36/D36,R36/D36),IF(R36=0,Q36/E36,R36/E36))) -> 0
C37: davon A2 | D37: ='Overview IB'!D52 -> 0 | E37: ='Overview IB'!E52 -> 0 | F37: ='Overview IB'!I52 -> 0 | G37: ='Overview IB'!J52 -> 0 | H37: ='Overview IB'!K52 -> 0 | I37: ='Overview IB'!L52 -> 0 | J37: ='Overview IB'!M52 -> 0 | K37: ='Overview IB'!N52 -> 0 | L37: ='Overview IB'!O52 -> 0 | M37: ='Overview IB'!P52 -> 0 | ... O37: ='Overview IB'!R52 -> 0 | Q37: =SUM(U37:AD37) -> 0 | S37: =IF(D37=0,0,IF(E37=0,IF(R37=0,Q37/D37,R37/D37),IF(R37=0,Q37/E37,R37/E37))) -> 0
C38: davon B1 | D38: ='Overview IB'!D53 -> 0 | E38: ='Overview IB'!E53 -> 0 | F38: ='Overview IB'!I53 -> 0 | G38: ='Overview IB'!J53 -> 0 | H38: ='Overview IB'!K53 -> 0 | I38: ='Overview IB'!L53 -> 0 | J38: ='Overview IB'!M53 -> 0 | K38: ='Overview IB'!N53 -> 0 | L38: ='Overview IB'!O53 -> 0 | M38: ='Overview IB'!P53 -> 0 | ... O38: ='Overview IB'!R53 -> 0 | Q38: =SUM(U38:AD38) -> 0 | S38: =IF(D38=0,0,IF(E38=0,IF(R38=0,Q38/D38,R38/D38),IF(R38=0,Q38/E38,R38/E38))) -> 0
C39: davon B2 | D39: ='Overview IB'!D54 -> 0 | E39: ='Overview IB'!E54 -> 0 | F39: ='Overview IB'!I54 -> 0 | G39: ='Overview IB'!J54 -> 0 | H39: ='Overview IB'!K54 -> 0 | I39: ='Overview IB'!L54 -> 0 | J39: ='Overview IB'!M54 -> 0 | K39: ='Overview IB'!N54 -> 0 | L39: ='Overview IB'!O54 -> 0 | M39: ='Overview IB'!P54 -> 0 | ... O39: ='Overview IB'!R54 -> 0 | Q39: =SUM(U39:AD39) -> 0 | S39: =IF(D39=0,0,IF(E39=0,IF(R39=0,Q39/D39,R39/D39),IF(R39=0,Q39/E39,R39/E39))) -> 0
C40: Anzahl der Fachsprach- bzw. Sprachkursplätze gesamt | D40: ='Overview IB'!D55 -> 0 | E40: ='Overview IB'!E55 -> 0 | F40: ='Overview IB'!I55 -> 0 | G40: ='Overview IB'!J55 -> 0 | H40: ='Overview IB'!K55 -> 0 | I40: ='Overview IB'!L55 -> 0 | J40: ='Overview IB'!M55 -> 0 | K40: ='Overview IB'!N55 -> 0 | L40: ='Overview IB'!O55 -> 0 | M40: ='Overview IB'!P55 -> 0 | ... O40: ='Overview IB'!R55 -> 0 | Q40: =SUM(U40:AD40) -> 0 | S40: =IF(D40=0,0,IF(E40=0,IF(R40=0,Q40/D40,R40/D40),IF(R40=0,Q40/E40,R40/E40))) -> 0
C41: Anzahl der Fachsprach- bzw. Sprachkursteilnehmenden gesamt | D41: ='Overview IB'!D56 -> 0 | E41: ='Overview IB'!E56 -> 0 | F41: ='Overview IB'!I56 -> 0 | G41: ='Overview IB'!J56 -> 0 | H41: ='Overview IB'!K56 -> 0 | I41: ='Overview IB'!L56 -> 0 | J41: ='Overview IB'!M56 -> 0 | K41: ='Overview IB'!N56 -> 0 | L41: ='Overview IB'!O56 -> 0 | M41: ='Overview IB'!P56 -> 0 | ... O41: ='Overview IB'!R56 -> 0 | Q41: =SUM(U41:AD41) -> 0 | S41: =IF(D41=0,0,IF(E41=0,IF(R41=0,Q41/D41,R41/D41),IF(R41=0,Q41/E41,R41/E41))) -> 0
C42: Anzahl der Unterrichtseinheiten gesamt | D42: ='Overview IB'!D57 -> 0 | E42: ='Overview IB'!E57 -> 0 | F42: ='Overview IB'!I57 -> 0 | G42: ='Overview IB'!J57 -> 0 | H42: ='Overview IB'!K57 -> 0 | I42: ='Overview IB'!L57 -> 0 | J42: ='Overview IB'!M57 -> 0 | K42: ='Overview IB'!N57 -> 0 | L42: ='Overview IB'!O57 -> 0 | M42: ='Overview IB'!P57 -> 0 | ... O42: ='Overview IB'!R57 -> 0 | Q42: =SUM(U42:AD42) -> 0 | S42: =IF(D42=0,0,IF(E42=0,IF(R42=0,Q42/D42,R42/D42),IF(R42=0,Q42/E42,R42/E42))) -> 0
C43: Anzahl der Teilnehmenden an einer zertifizierten Abschlussprüfung | D43: ='Overview IB'!D58 -> 0 | E43: ='Overview IB'!E58 -> 0 | F43: ='Overview IB'!I58 -> 0 | G43: ='Overview IB'!J58 -> 0 | H43: ='Overview IB'!K58 -> 0 | I43: ='Overview IB'!L58 -> 0 | J43: ='Overview IB'!M58 -> 0 | K43: ='Overview IB'!N58 -> 0 | L43: ='Overview IB'!O58 -> 0 | M43: ='Overview IB'!P58 -> 0 | ... O43: ='Overview IB'!R58 -> 0 | Q43: =SUM(U43:AD43) -> 0 | S43: =IF(D43=0,0,IF(E43=0,IF(R43=0,Q43/D43,R43/D43),IF(R43=0,Q43/E43,R43/E43))) -> 0
C44: Anteil der Teilnehmenden mit positiv absolvierter, zertifizierter Abschlussprüfung | D44: ='Overview IB'!D59 -> 0 | E44: ='Overview IB'!E59 -> 0 | F44: ='Overview IB'!I59 -> 0 | G44: ='Overview IB'!J59 -> 0 | H44: ='Overview IB'!K59 -> 0 | I44: ='Overview IB'!L59 -> 0 | J44: ='Overview IB'!M59 -> 0 | K44: ='Overview IB'!N59 -> 0 | L44: ='Overview IB'!O59 -> 0 | M44: ='Overview IB'!P59 -> 0 | ... O44: ='Overview IB'!R59 -> 0 | Q44: =SUM(U44:AD44) -> 0 | S44: =IF(D44=0,0,IF(E44=0,IF(R44=0,Q44/D44,R44/D44),IF(R44=0,Q44/E44,R44/E44))) -> 0
C45: davon ÖIF zertifiziert | D45: ='Overview IB'!D60 -> 0 | E45: ='Overview IB'!E60 -> 0 | F45: ='Overview IB'!I60 -> 0 | G45: ='Overview IB'!J60 -> 0 | H45: ='Overview IB'!K60 -> 0 | I45: ='Overview IB'!L60 -> 0 | J45: ='Overview IB'!M60 -> 0 | K45: ='Overview IB'!N60 -> 0 | L45: ='Overview IB'!O60 -> 0 | M45: ='Overview IB'!P60 -> 0 | ... O45: ='Overview IB'!R60 -> 0 | Q45: =SUM(U45:AD45) -> 0 | S45: =IF(D45=0,0,IF(E45=0,IF(R45=0,Q45/D45,R45/D45),IF(R45=0,Q45/E45,R45/E45))) -> 0
C46: Anzahl der niederschwelligen Sprachlerntreffen | D46: ='Overview IB'!D61 -> 0 | E46: ='Overview IB'!E61 -> 0 | F46: ='Overview IB'!I61 -> 0 | G46: ='Overview IB'!J61 -> 0 | H46: ='Overview IB'!K61 -> 0 | I46: ='Overview IB'!L61 -> 0 | J46: ='Overview IB'!M61 -> 0 | K46: ='Overview IB'!N61 -> 0 | L46: ='Overview IB'!O61 -> 0 | M46: ='Overview IB'!P61 -> 0 | ... O46: ='Overview IB'!R61 -> 0 | Q46: =SUM(U46:AD46) -> 0 | S46: =IF(D46=0,0,IF(E46=0,IF(R46=0,Q46/D46,R46/D46),IF(R46=0,Q46/E46,R46/E46))) -> 0
C47: Anzahl der Teilnehmenden an niederschwelligem Sprachlernangebot | D47: ='Overview IB'!D62 -> 0 | E47: ='Overview IB'!E62 -> 0 | F47: ='Overview IB'!I62 -> 0 | G47: ='Overview IB'!J62 -> 0 | H47: ='Overview IB'!K62 -> 0 | I47: ='Overview IB'!L62 -> 0 | J47: ='Overview IB'!M62 -> 0 | K47: ='Overview IB'!N62 -> 0 | L47: ='Overview IB'!O62 -> 0 | M47: ='Overview IB'!P62 -> 0 | ... O47: ='Overview IB'!R62 -> 0 | Q47: =SUM(U47:AD47) -> 0 | S47: =IF(D47=0,0,IF(E47=0,IF(R47=0,Q47/D47,R47/D47),IF(R47=0,Q47/E47,R47/E47))) -> 0
C48: Bereich Sonstige Indikatoren | D48: Anzahl SOLL | E48: Anzahl SOLL berichtigt | F48: M 1 | G48: M 2 | H48: M 3 | I48: M 4 | J48: M 5 | K48: M 6 | L48: M 7 | M48: M 8 | N48: M 9 | O48: M 10 | Q48: IST | R48: IST berichtigt | S48: Erfüllt in % | T48: Anmerkungen | U48: M 1 | V48: M 2 | W48: M 3 | X48: M 4 | Y48: M 5 | Z48: M 6 | AA48: M 7 | AB48: M 8 | AC48: M 9 | AD48: M 10
C49: Anzahl der durchgeführten wissenschaftlichen Studien bzw. begleitenden Berichte oder Evaluierungen | D49: ='Overview IB'!D64 -> 0 | E49: ='Overview IB'!E64 -> 0 | F49: ='Overview IB'!I64 -> 0 | G49: ='Overview IB'!J64 -> 0 | H49: ='Overview IB'!K64 -> 0 | I49: ='Overview IB'!L64 -> 0 | J49: ='Overview IB'!M64 -> 0 | K49: ='Overview IB'!N64 -> 0 | L49: ='Overview IB'!O64 -> 0 | M49: ='Overview IB'!P64 -> 0 | ... O49: ='Overview IB'!R64 -> 0 | Q49: =SUM(U49:AD49) -> 0 | S49: =IF(D49=0,0,IF(E49=0,IF(R49=0,Q49/D49,R49/D49),IF(R49=0,Q49/E49,R49/E49))) -> 0
C50: Anzahl der Ehrenamtlichen | D50: ='Overview IB'!D65 -> 0 | E50: ='Overview IB'!E65 -> 0 | F50: ='Overview IB'!I65 -> 0 | G50: ='Overview IB'!J65 -> 0 | H50: ='Overview IB'!K65 -> 0 | I50: ='Overview IB'!L65 -> 0 | J50: ='Overview IB'!M65 -> 0 | K50: ='Overview IB'!N65 -> 0 | L50: ='Overview IB'!O65 -> 0 | M50: ='Overview IB'!P65 -> 0 | ... O50: ='Overview IB'!R65 -> 0 | Q50: =SUM(U50:AD50) -> 0 | S50: =IF(D50=0,0,IF(E50=0,IF(R50=0,Q50/D50,R50/D50),IF(R50=0,Q50/E50,R50/E50))) -> 0
C51: von diesen geleistete Gesamtstunden | D51: ='Overview IB'!D66 -> 0 | E51: ='Overview IB'!E66 -> 0 | F51: ='Overview IB'!I66 -> 0 | G51: ='Overview IB'!J66 -> 0 | H51: ='Overview IB'!K66 -> 0 | I51: ='Overview IB'!L66 -> 0 | J51: ='Overview IB'!M66 -> 0 | K51: ='Overview IB'!N66 -> 0 | L51: ='Overview IB'!O66 -> 0 | M51: ='Overview IB'!P66 -> 0 | ... O51: ='Overview IB'!R66 -> 0 | Q51: =SUM(U51:AD51) -> 0 | S51: =IF(D51=0,0,IF(E51=0,IF(R51=0,Q51/D51,R51/D51),IF(R51=0,Q51/E51,R51/E51))) -> 0
C52: Anzahl an auszubildenden Multiplikatorinnen und Multiplikatoren | D52: ='Overview IB'!D67 -> 0 | E52: ='Overview IB'!E67 -> 0 | F52: ='Overview IB'!I67 -> 0 | G52: ='Overview IB'!J67 -> 0 | H52: ='Overview IB'!K67 -> 0 | I52: ='Overview IB'!L67 -> 0 | J52: ='Overview IB'!M67 -> 0 | K52: ='Overview IB'!N67 -> 0 | L52: ='Overview IB'!O67 -> 0 | M52: ='Overview IB'!P67 -> 0 | ... O52: ='Overview IB'!R67 -> 0 | Q52: =SUM(U52:AD52) -> 0 | S52: =IF(D52=0,0,IF(E52=0,IF(R52=0,Q52/D52,R52/D52),IF(R52=0,Q52/E52,R52/E52))) -> 0
C53: Anzahl der Kursangebote mit Kinderbetreuung | D53: ='Overview IB'!D68 -> 0 | E53: ='Overview IB'!E68 -> 0 | F53: ='Overview IB'!I68 -> 0 | G53: ='Overview IB'!J68 -> 0 | H53: ='Overview IB'!K68 -> 0 | I53: ='Overview IB'!L68 -> 0 | J53: ='Overview IB'!M68 -> 0 | K53: ='Overview IB'!N68 -> 0 | L53: ='Overview IB'!O68 -> 0 | M53: ='Overview IB'!P68 -> 0 | ... O53: ='Overview IB'!R68 -> 0 | Q53: =SUM(U53:AD53) -> 0 | S53: =IF(D53=0,0,IF(E53=0,IF(R53=0,Q53/D53,R53/D53),IF(R53=0,Q53/E53,R53/E53))) -> 0
C54: Anzahl der Teilnehmenden, die Elternteil betreuter Kinder sind | D54: ='Overview IB'!D69 -> 0 | E54: ='Overview IB'!E69 -> 0 | F54: ='Overview IB'!I69 -> 0 | G54: ='Overview IB'!J69 -> 0 | H54: ='Overview IB'!K69 -> 0 | I54: ='Overview IB'!L69 -> 0 | J54: ='Overview IB'!M69 -> 0 | K54: ='Overview IB'!N69 -> 0 | L54: ='Overview IB'!O69 -> 0 | M54: ='Overview IB'!P69 -> 0 | ... O54: ='Overview IB'!R69 -> 0 | Q54: =SUM(U54:AD54) -> 0 | S54: =IF(D54=0,0,IF(E54=0,IF(R54=0,Q54/D54,R54/D54),IF(R54=0,Q54/E54,R54/E54))) -> 0
C55: Anzahl der betreuten Kinder | D55: ='Overview IB'!D70 -> 0 | E55: ='Overview IB'!E70 -> 0 | F55: ='Overview IB'!I70 -> 0 | G55: ='Overview IB'!J70 -> 0 | H55: ='Overview IB'!K70 -> 0 | I55: ='Overview IB'!L70 -> 0 | J55: ='Overview IB'!M70 -> 0 | K55: ='Overview IB'!N70 -> 0 | L55: ='Overview IB'!O70 -> 0 | M55: ='Overview IB'!P70 -> 0 | ... O55: ='Overview IB'!R70 -> 0 | Q55: =SUM(U55:AD55) -> 0 | S55: =IF(D55=0,0,IF(E55=0,IF(R55=0,Q55/D55,R55/D55),IF(R55=0,Q55/E55,R55/E55))) -> 0
C56: Anzahl der erreichten Teilnehmenden durch Medien | D56: ='Overview IB'!D71 -> 0 | E56: ='Overview IB'!E71 -> 0 | F56: ='Overview IB'!I71 -> 0 | G56: ='Overview IB'!J71 -> 0 | H56: ='Overview IB'!K71 -> 0 | I56: ='Overview IB'!L71 -> 0 | J56: ='Overview IB'!M71 -> 0 | K56: ='Overview IB'!N71 -> 0 | L56: ='Overview IB'!O71 -> 0 | M56: ='Overview IB'!P71 -> 0 | ... O56: ='Overview IB'!R71 -> 0 | Q56: =SUM(U56:AD56) -> 0 | S56: =IF(D56=0,0,IF(E56=0,IF(R56=0,Q56/D56,R56/D56),IF(R56=0,Q56/E56,R56/E56))) -> 0
C57: davon erreichte Teilnehmende durch digitale Medien | D57: ='Overview IB'!D72 -> 0 | E57: ='Overview IB'!E72 -> 0 | F57: ='Overview IB'!I72 -> 0 | G57: ='Overview IB'!J72 -> 0 | H57: ='Overview IB'!K72 -> 0 | I57: ='Overview IB'!L72 -> 0 | J57: ='Overview IB'!M72 -> 0 | K57: ='Overview IB'!N72 -> 0 | L57: ='Overview IB'!O72 -> 0 | M57: ='Overview IB'!P72 -> 0 | ... O57: ='Overview IB'!R72 -> 0 | Q57: =SUM(U57:AD57) -> 0 | S57: =IF(D57=0,0,IF(E57=0,IF(R57=0,Q57/D57,R57/D57),IF(R57=0,Q57/E57,R57/E57))) -> 0
C58: davon erreichte Teilnehmende durch Printmedien | D58: ='Overview IB'!D73 -> 0 | E58: ='Overview IB'!E73 -> 0 | F58: ='Overview IB'!I73 -> 0 | G58: ='Overview IB'!J73 -> 0 | H58: ='Overview IB'!K73 -> 0 | I58: ='Overview IB'!L73 -> 0 | J58: ='Overview IB'!M73 -> 0 | K58: ='Overview IB'!N73 -> 0 | L58: ='Overview IB'!O73 -> 0 | M58: ='Overview IB'!P73 -> 0 | ... O58: ='Overview IB'!R73 -> 0 | Q58: =SUM(U58:AD58) -> 0 | S58: =IF(D58=0,0,IF(E58=0,IF(R58=0,Q58/D58,R58/D58),IF(R58=0,Q58/E58,R58/E58))) -> 0
C59: ='Overview IB'!C74 -> Sonstiger Indikator - frei wählbar lt. Indikatorenblatt | D59: ='Overview IB'!D74 -> 0 | E59: ='Overview IB'!E74 -> 0 | F59: ='Overview IB'!I74 -> 0 | G59: ='Overview IB'!J74 -> 0 | H59: ='Overview IB'!K74 -> 0 | I59: ='Overview IB'!L74 -> 0 | J59: ='Overview IB'!M74 -> 0 | K59: ='Overview IB'!N74 -> 0 | L59: ='Overview IB'!O74 -> 0 | M59: ='Overview IB'!P74 -> 0 | ... O59: ='Overview IB'!R74 -> 0 | Q59: =SUM(U59:AD59) -> 0 | S59: =IF(D59=0,0,IF(E59=0,IF(R59=0,Q59/D59,R59/D59),IF(R59=0,Q59/E59,R59/E59))) -> 0
C60: ='Overview IB'!C75 -> Sonstiger Indikator - frei wählbar lt. Indikatorenblatt | D60: ='Overview IB'!D75 -> 0 | E60: ='Overview IB'!E75 -> 0 | F60: ='Overview IB'!I75 -> 0 | G60: ='Overview IB'!J75 -> 0 | H60: ='Overview IB'!K75 -> 0 | I60: ='Overview IB'!L75 -> 0 | J60: ='Overview IB'!M75 -> 0 | K60: ='Overview IB'!N75 -> 0 | L60: ='Overview IB'!O75 -> 0 | M60: ='Overview IB'!P75 -> 0 | ... O60: ='Overview IB'!R75 -> 0 | Q60: =SUM(U60:AD60) -> 0 | S60: =IF(D60=0,0,IF(E60=0,IF(R60=0,Q60/D60,R60/D60),IF(R60=0,Q60/E60,R60/E60))) -> 0
C62: Evaluierungsindikatoren | D62: Anzahl SOLL | E62: Anzahl SOLL berichtigt | F62: M 1 | G62: M 2 | H62: M 3 | I62: M 4 | J62: M 5 | K62: M 6 | L62: M 7 | M62: M 8 | N62: M 9 | O62: M 10 | Q62: IST | R62: IST berichtigt | S62: Erfüllt in % | T62: Anmerkungen | U62: M 1 | V62: M 2 | W62: M 3 | X62: M 4 | Y62: M 5 | Z62: M 6 | AA62: M 7 | AB62: M 8 | AC62: M 9 | AD62: M 10
C63: Projektteilnehmende nach Zielgruppe
C64: Anzahl der Drittstaatsangehörigen | R64: 18 | U64: Diese Indikatoren sind nur bei IST berichtigt zu erfassen.
C65: Anzahl der Asyl- und subsidiär Schutzberechtigten | R65: 44
C66: Anzahl der Vertriebenen gemäß § 62 AsylG 2005 | R66: 4
C67: Anzahl der EU-Bürger*innen | R67: 4
C68: Anzahl der Österreicher*innen mit Migrationshintergrund | R68: 4
C69: Anzahl der Personen aus der Mehrheitsbevölkerung | R69: 0
C70: gesamt | R70: =SUM(R64:R69) -> 74
C71: Projektteilnehmende nach Alter
C72: Anzahl der Personen von 0 - 6 Jahre | D72: ='Overview IB'!D87 -> 0 | E72: ='Overview IB'!E87 -> 0 | R72: 0 | S72: =IF(R72="",0,IF(D72=0,0,IF(E72=0,IF(R72=0,Q72/D72,R72/D72),IF(R72=0,Q72/E72,R72/E72)))) -> 0 | U72: Diese Indikatoren sind nur bei IST berichtigt zu erfassen.
C73: Anzahl der Personen von 6 - 10 Jahre | D73: ='Overview IB'!D88 -> 0 | E73: ='Overview IB'!E88 -> 0 | R73: 0 | S73: =IF(R73="",0,IF(D73=0,0,IF(E73=0,IF(R73=0,Q73/D73,R73/D73),IF(R73=0,Q73/E73,R73/E73)))) -> 0
C74: Anzahl der Personen von 10 - 14 Jahre | D74: ='Overview IB'!D89 -> 0 | E74: ='Overview IB'!E89 -> 0 | R74: 0 | S74: =IF(R74="",0,IF(D74=0,0,IF(E74=0,IF(R74=0,Q74/D74,R74/D74),IF(R74=0,Q74/E74,R74/E74)))) -> 0
C75: Anzahl der Personen von 14 -18 Jahre | D75: ='Overview IB'!D90 -> 0 | E75: ='Overview IB'!E90 -> 0 | R75: 9 | S75: =IF(R75="",0,IF(D75=0,0,IF(E75=0,IF(R75=0,Q75/D75,R75/D75),IF(R75=0,Q75/E75,R75/E75)))) -> 0
C76: Anzahl der Personen von 18 -30 Jahre | D76: ='Overview IB'!D91 -> 0 | E76: ='Overview IB'!E91 -> 0 | R76: 40 | S76: =IF(R76="",0,IF(D76=0,0,IF(E76=0,IF(R76=0,Q76/D76,R76/D76),IF(R76=0,Q76/E76,R76/E76)))) -> 0
C77: Anzahl der Personen über 30 Jahre | D77: ='Overview IB'!D92 -> 0 | E77: ='Overview IB'!E92 -> 0 | R77: 25 | S77: =IF(R77="",0,IF(D77=0,0,IF(E77=0,IF(R77=0,Q77/D77,R77/D77),IF(R77=0,Q77/E77,R77/E77)))) -> 0
C78: gesamt | D78: ='Overview IB'!D93 -> 0 | E78: ='Overview IB'!E93 -> 0 | R78: =SUM(R72:R77) -> 74 | S78: =IF(D78=0,0,IF(E78=0,IF(R78=0,Q78/D78,R78/D78),IF(R78=0,Q78/E78,R78/E78))) -> 0
C79: Projektteilnehmende nach Geschlecht
C80: Anzahl der Frauen | D80: ='Overview IB'!D95 -> 0 | E80: ='Overview IB'!E95 -> 0 | R80: 44 | S80: =IF(R80="",0,IF(D80=0,0,IF(E80=0,IF(R80=0,Q80/D80,R80/D80),IF(R80=0,Q80/E80,R80/E80)))) -> 0 | U80: Diese Indikatoren sind nur bei IST berichtigt zu erfassen.
C81: Anzahl der Männer | D81: ='Overview IB'!D96 -> 0 | E81: ='Overview IB'!E96 -> 0 | R81: 30 | S81: =IF(R81="",0,IF(D81=0,0,IF(E81=0,IF(R81=0,Q81/D81,R81/D81),IF(R81=0,Q81/E81,R81/E81)))) -> 0
C82: Anzahl der Personen - divers | D82: ='Overview IB'!D97 -> 0 | E82: ='Overview IB'!E97 -> 0 | S82: =IF(R82="",0,IF(D82=0,0,IF(E82=0,IF(R82=0,Q82/D82,R82/D82),IF(R82=0,Q82/E82,R82/E82)))) -> 0
C83: Anzahl der Personen - inter | D83: ='Overview IB'!D98 -> 0 | E83: ='Overview IB'!E98 -> 0 | S83: =IF(R83="",0,IF(D83=0,0,IF(E83=0,IF(R83=0,Q83/D83,R83/D83),IF(R83=0,Q83/E83,R83/E83)))) -> 0
C84: Anzahl der Personen - offen | D84: ='Overview IB'!D99 -> 0 | E84: ='Overview IB'!E99 -> 0 | S84: =IF(R84="",0,IF(D84=0,0,IF(E84=0,IF(R84=0,Q84/D84,R84/D84),IF(R84=0,Q84/E84,R84/E84)))) -> 0
C85: Anzahl der Personen - eigene Angaben | D85: ='Overview IB'!D100 -> 0 | E85: ='Overview IB'!E100 -> 0 | S85: =IF(R85="",0,IF(D85=0,0,IF(E85=0,IF(R85=0,Q85/D85,R85/D85),IF(R85=0,Q85/E85,R85/E85)))) -> 0
C86: Anzahl der Personen - keine Angaben | D86: ='Overview IB'!D101 -> 0 | E86: ='Overview IB'!E101 -> 0 | S86: =IF(R86="",0,IF(D86=0,0,IF(E86=0,IF(R86=0,Q86/D86,R86/D86),IF(R86=0,Q86/E86,R86/E86)))) -> 0
C87: gesamt | D87: ='Overview IB'!D102 -> 0 | E87: ='Overview IB'!E102 -> 0 | R87: =SUM(R80:R86) -> 74 | S87: =IF(D87=0,0,IF(E87=0,IF(R87=0,Q87/D87,R87/D87),IF(R87=0,Q87/E87,R87/E87))) -> 0
C88: Anzahl der erstmalig am Projekt teilnehmenden Personen | D88: ='Overview IB'!D103 -> 0 | E88: ='Overview IB'!E103 -> 0 | F88: ='Overview IB'!I103 -> 0 | G88: ='Overview IB'!J103 -> 0 | H88: ='Overview IB'!K103 -> 0 | I88: ='Overview IB'!L103 -> 0 | J88: ='Overview IB'!M103 -> 0 | K88: ='Overview IB'!N103 -> 0 | L88: ='Overview IB'!O103 -> 0 | M88: ='Overview IB'!P103 -> 0 | ... O88: ='Overview IB'!R103 -> 0 | Q88: =SUM(U88:AD88) -> 0 | R88: 61 | S88: =IF(D88=0,0,IF(E88=0,IF(R88=0,Q88/D88,R88/D88),IF(R88=0,Q88/E88,R88/E88))) -> 0
C90: Wirkungsindikatoren | D90: Anzahl SOLL | E90: Anzahl SOLL berichtigt | F90: M 1 | G90: M 2 | H90: M 3 | I90: M 4 | J90: M 5 | K90: M 6 | L90: M 7 | M90: M 8 | N90: M 9 | O90: M 10 | Q90: IST | R90: IST berichtigt | S90: Erfüllt in % | T90: Anmerkungen | U90: M 1 | V90: M 2 | W90: M 3 | X90: M 4 | Y90: M 5 | Z90: M 6 | AA90: M 7 | AB90: M 8 | AC90: M 9 | AD90: M 10
C91: Anzahl der MultiplikatorInnen mit konkreter Aktivität bis zwei Monate nach Projektteilnahme | D91: ='Overview IB'!D106 -> 0 | E91: ='Overview IB'!E106 -> 0 | F91: ='Overview IB'!I106 -> 0 | G91: ='Overview IB'!J106 -> 0 | H91: ='Overview IB'!K106 -> 0 | I91: ='Overview IB'!L106 -> 0 | J91: ='Overview IB'!M106 -> 0 | K91: ='Overview IB'!N106 -> 0 | L91: ='Overview IB'!O106 -> 0 | M91: ='Overview IB'!P106 -> 0 | ... O91: ='Overview IB'!R106 -> 0 | Q91: =SUM(U91:AD91) -> 0 | R91: 0 | S91: =IF(D91=0,0,IF(E91=0,IF(R91=0,Q91/D91,R91/D91),IF(R91=0,Q91/E91,R91/E91))) -> 0 | T91: Multiplikator*innen sind nicht die Zielgruppe unseres Projekts. Im Rahmen der Akquise und Arbeit mit den TN sind wir in Kontakt mit Berufsschulen, Lehrbetrieben, Arbeitgebern und Lehrlings/-Jugendcoaches unterschiedlicher Organisationen. Eine genaue Anzahl der Case-Manager, mit der wir zu tun haben, wurde nicht erhoben.
C92: Anzahl der Teilnehmenden, die innerhalb von zwei Monaten nach Projektteilnahme ein Zertifikat erwerben | D92: ='Overview IB'!D107 -> 0 | E92: ='Overview IB'!E107 -> 0 | F92: ='Overview IB'!I107 -> 0 | G92: ='Overview IB'!J107 -> 0 | H92: ='Overview IB'!K107 -> 0 | I92: ='Overview IB'!L107 -> 0 | J92: ='Overview IB'!M107 -> 0 | K92: ='Overview IB'!N107 -> 0 | L92: ='Overview IB'!O107 -> 0 | M92: ='Overview IB'!P107 -> 0 | ... O92: ='Overview IB'!R107 -> 0 | Q92: =SUM(U92:AD92) -> 0 | R92: 12 | S92: =IF(D92=0,0,IF(E92=0,IF(R92=0,Q92/D92,R92/D92),IF(R92=0,Q92/E92,R92/E92))) -> 0 | T92: Die Zahl beinhaltet von den Teilnehmenden erlangte "Zertifikate" in Bezug auf die LAP. (Berufsschulzeugnis (E3) /LAP-Prüfung abgelegt (E6) /Teilprüfungen der LAP abgelegt (E7)
C93: Anzahl der Teilnehmenden in weiterführenden externen Bildungsmaßnahmen, auf die im Projekt vorbereitet wurde, bis zwei Monate nach Projektteilnahme | D93: ='Overview IB'!D108 -> 0 | E93: ='Overview IB'!E108 -> 0 | F93: ='Overview IB'!I108 -> 0 | G93: ='Overview IB'!J108 -> 0 | H93: ='Overview IB'!K108 -> 0 | I93: ='Overview IB'!L108 -> 0 | J93: ='Overview IB'!M108 -> 0 | K93: ='Overview IB'!N108 -> 0 | L93: ='Overview IB'!O108 -> 0 | M93: ='Overview IB'!P108 -> 0 | ... O93: ='Overview IB'!R108 -> 0 | Q93: =SUM(U93:AD93) -> 0 | R93: 6 | S93: =IF(D93=0,0,IF(E93=0,IF(R93=0,Q93/D93,R93/D93),IF(R93=0,Q93/E93,R93/E93))) -> 0 | T93: Die Zahlt ergibt sich aus TN, die eine Berufsschule oder einen LAP-Vorbereitungskurs begannen im Zeitraum des Projekts. (Eintritt in Berufsschule (E1) oder LAP-Vorbereitungskurs (E4)
C94: Anzahl der Teilnehmenden mit einer Verbesserung um eine Schulnote oder mit Aufstieg in die nächste Schulstufe | D94: ='Overview IB'!D109 -> 0 | E94: ='Overview IB'!E109 -> 0 | F94: ='Overview IB'!I109 -> 0 | G94: ='Overview IB'!J109 -> 0 | H94: ='Overview IB'!K109 -> 0 | I94: ='Overview IB'!L109 -> 0 | J94: ='Overview IB'!M109 -> 0 | K94: ='Overview IB'!N109 -> 0 | L94: ='Overview IB'!O109 -> 0 | M94: ='Overview IB'!P109 -> 0 | ... O94: ='Overview IB'!R109 -> 0 | Q94: =SUM(U94:AD94) -> 0 | R94: 0 | S94: =IF(D94=0,0,IF(E94=0,IF(R94=0,Q94/D94,R94/D94),IF(R94=0,Q94/E94,R94/E94))) -> 0 | T94: Schulnoten sind nicht Fokus unseres Projekts. Wir arbeiten mit den TN daran, dass sie ein gesamtes Berufsschuljahr positiv abschließen. Siehe dazu Wirkungsindikator 2 (Zertifikat). Viele haben keine Schulnoten, da sie eine Lehre auf dem zweiten Bildungsweg absolvieren. Wir motivieren unsere TN, sich bereits vor dem Berufsschuljahr vorzubereiten. Sie verbessern sich bereits vor dem Schuljahr/vor dem LAP-Kurs in den für sie problematischen Kompetenzfeldern.
C95: Anzahl der Teilnehmenden mit einer vermittelten Lehrstelle bis zwei Monate nach Projektteilnahme | D95: ='Overview IB'!D110 -> 0 | E95: ='Overview IB'!E110 -> 0 | F95: ='Overview IB'!I110 -> 0 | G95: ='Overview IB'!J110 -> 0 | H95: ='Overview IB'!K110 -> 0 | I95: ='Overview IB'!L110 -> 0 | J95: ='Overview IB'!M110 -> 0 | K95: ='Overview IB'!N110 -> 0 | L95: ='Overview IB'!O110 -> 0 | M95: ='Overview IB'!P110 -> 0 | ... O95: ='Overview IB'!R110 -> 0 | Q95: =SUM(U95:AD95) -> 0 | R95: 5 | S95: =IF(D95=0,0,IF(E95=0,IF(R95=0,Q95/D95,R95/D95),IF(R95=0,Q95/E95,R95/E95))) -> 0 | T95: Fokus des Projekts ist eine längerfristige Lernbegleitung, bei der sich der Erfolg einer vermittelten Lehrstelle einstellen kann, aber nicht Fokus der Projektarbeit ist. Es wird nicht aktiv Lehrstellensuche betrieben (siehe Projektbeschreibung S. 12). siehe Eintritt in Berufsschule (E1)
C96: Anzahl der Teilnehmenden mit Praktikumsplatz bis zwei Monate nach Projektteilnahme | D96: ='Overview IB'!D111 -> 0 | E96: ='Overview IB'!E111 -> 0 | F96: ='Overview IB'!I111 -> 0 | G96: ='Overview IB'!J111 -> 0 | H96: ='Overview IB'!K111 -> 0 | I96: ='Overview IB'!L111 -> 0 | J96: ='Overview IB'!M111 -> 0 | K96: ='Overview IB'!N111 -> 0 | L96: ='Overview IB'!O111 -> 0 | M96: ='Overview IB'!P111 -> 0 | ... O96: ='Overview IB'!R111 -> 0 | Q96: =SUM(U96:AD96) -> 0 | R96: 7 | S96: =IF(D96=0,0,IF(E96=0,IF(R96=0,Q96/D96,R96/D96),IF(R96=0,Q96/E96,R96/E96))) -> 0 | T96: Im Rahmen des Projekts suchen wir nicht aktiv Praktikumsplätze mit den TN. Im Rahmen der Lernbegleitung werden Kompetenzen dahingehend gesteigert, dass eine Praktikumssuche erleichtert wird. Die angegebene Zahl basiert auf freiwillige Rückmeldungen der TN während der Lernbegleitung.
C97: Anzahl der Teilnehmenden mit erfolgreicher Arbeitsmarktintegration bis zwei Monate nach Projektteilnahme | D97: ='Overview IB'!D112 -> 0 | E97: ='Overview IB'!E112 -> 0 | F97: ='Overview IB'!I112 -> 0 | G97: ='Overview IB'!J112 -> 0 | H97: ='Overview IB'!K112 -> 0 | I97: ='Overview IB'!L112 -> 0 | J97: ='Overview IB'!M112 -> 0 | K97: ='Overview IB'!N112 -> 0 | L97: ='Overview IB'!O112 -> 0 | M97: ='Overview IB'!P112 -> 0 | ... O97: ='Overview IB'!R112 -> 0 | Q97: =SUM(U97:AD97) -> 0 | R97: 10 | S97: =IF(D97=0,0,IF(E97=0,IF(R97=0,Q97/D97,R97/D97),IF(R97=0,Q97/E97,R97/E97))) -> 0 | T97: Die Arbeitsmarktintegration ist den TN im Rahmen des Projekts selbst überlassen. Arbeitslosigkeit ist kein Aufnahmekriterium des Projekts. Manche TN arbeiten bereits bei Projekteintritt. Im Rahmen der Lernbegleitung werden Kompetenzen dahingehend gesteigert, dass eine Arbeitsmarktintegration erleichtert wird. Wir arbeiten mit den TN an ihren Lernerfolgen, die die Basis legt, um am Arbeitsmarkt eine Chance zu haben. Durch das dadurch gewonnene Selbstvertrauen und den Rückhalt werden sie ermutigt sich selbstständig in den Arbeitsmarkt zu integrieren. Die angegebene Zahl basiert auf freiwillige Rückmeldungen der TN während der Lernbegleitung.
C98: ='Overview IB'!C113 -> Anzahl der Teilnehmenden, die Teilziele auf ihrem Weg zur LAP (gemäß individuellem Bildungsplan) erreicht haben. | D98: ='Overview IB'!D113 -> 0 | E98: ='Overview IB'!E113 -> 0 | F98: ='Overview IB'!I113 -> 0 | G98: ='Overview IB'!J113 -> 0 | H98: ='Overview IB'!K113 -> 0 | I98: ='Overview IB'!L113 -> 0 | J98: ='Overview IB'!M113 -> 0 | K98: ='Overview IB'!N113 -> 0 | L98: ='Overview IB'!O113 -> 0 | M98: ='Overview IB'!P113 -> 0 | ... O98: ='Overview IB'!R113 -> 0 | Q98: =SUM(U98:AD98) -> 0 | R98: 29 | S98: =IF(D98=0,0,IF(E98=0,IF(R98=0,Q98/D98,R98/D98),IF(R98=0,Q98/E98,R98/E98))) -> 0 | T98: Da der Weg zur LAP für unsere Zielgruppe meist ein längerer ist, ist die Erreichung ihrer festgesetzten Teilziele gemäß individuellem Bildungsplan bereits ein wesentlicher Erfolgsindikator.

Sheet EB
C4: Zeitraum des Indikatorenberichts | I4: Angaben zum Projekt
C5: von | D5: =L5 -> 45292 | I5: Laufzeit Beginn | L5: =IF('Overview IB'!D9="","",'Overview IB'!D9) -> 45292
C6: bis | I6: Laufzeit Ende | L6: =IF('Overview IB'!D10="","",'Overview IB'!D10) -> 46022
C7: Anteil an Laufzeit | D7: =IF(OR(D5="",L7="befüllt sich automatisch"),0,((D6-D5)/30)/L7) -> -62.043836 | I7: Projektdauer in Monaten | L7: =IF(IF(OR(L6="",L5=""),"",(L6-L5)/30)="","befüllt sich automatisch",IF(OR(L6="",L5=""),"",(L6-L5)/30)) -> 24.333333
C9: Zielindikatoren | D9: Anzahl SOLL lt. Vertrag | E9: Anzahl SOLL berichtigt lt. Vertrag | F9: Maßnahmen Soll lt. Vertrag | Q9: Anzahl IST - gesamt | R9: Anzahl IST - gesamt - berichtigt | S9: Erfüllt in % | T9: allgemeine Anmerkungen zu den IST-Indikatoren | U9: Maßnahmen IST lt. Vertrag
F10: M 1 | G10: M 2 | H10: M 3 | I10: M 4 | J10: M 5 | K10: M 6 | L10: M 7 | M10: M 8 | N10: M 9 | O10: M 10 | U10: M 1 | V10: M 2 | W10: M 3 | X10: M 4 | Y10: M 5 | Z10: M 6 | AA10: M 7 | AB10: M 8 | AC10: M 9 | AD10: M 10
C11: Anzahl der Projektteilnehmenden gesamt | D11: ='Overview IB'!D26 -> 194 | E11: ='Overview IB'!E26 -> 72 | F11: ='Overview IB'!I26 -> 72 | G11: ='Overview IB'!J26 -> 72 | H11: ='Overview IB'!K26 -> 50 | I11: ='Overview IB'!L26 -> 0 | J11: ='Overview IB'!M26 -> 0 | K11: ='Overview IB'!N26 -> 0 | L11: ='Overview IB'!O26 -> 0 | M11: ='Overview IB'!P26 -> 0 | ... O11: ='Overview IB'!R26 -> 0 | Q11: =SUM(U11:AD11) -> 212 | R11: 82 | S11: =IF(D11=0,0,IF(E11=0,IF(R11=0,Q11/D11,R11/D11),IF(R11=0,Q11/E11,R11/E11))) -> 1.1388889 | U11: 82 | V11: 82 | W11: 48
C12: Anzahl der verfügbaren Plätze im Projekt | D12: ='Overview IB'!D27 -> 194 | E12: ='Overview IB'!E27 -> 72 | F12: ='Overview IB'!I27 -> 72 | G12: ='Overview IB'!J27 -> 72 | H12: ='Overview IB'!K27 -> 50 | I12: ='Overview IB'!L27 -> 0 | J12: ='Overview IB'!M27 -> 0 | K12: ='Overview IB'!N27 -> 0 | L12: ='Overview IB'!O27 -> 0 | M12: ='Overview IB'!P27 -> 0 | ... O12: ='Overview IB'!R27 -> 0 | Q12: =SUM(U12:AD12) -> 212 | R12: 82 | S12: =IF(D12=0,0,IF(E12=0,IF(R12=0,Q12/D12,R12/D12),IF(R12=0,Q12/E12,R12/E12))) -> 1.1388889 | U12: 82 | V12: 82 | W12: 48
C13: Anzahl der Standorte, an denen die Maßnahmen durchgeführt werden | D13: ='Overview IB'!D28 -> 3 | E13: ='Overview IB'!E28 -> 1 | F13: ='Overview IB'!I28 -> 1 | G13: ='Overview IB'!J28 -> 1 | H13: ='Overview IB'!K28 -> 1 | I13: ='Overview IB'!L28 -> 0 | J13: ='Overview IB'!M28 -> 0 | K13: ='Overview IB'!N28 -> 0 | L13: ='Overview IB'!O28 -> 0 | M13: ='Overview IB'!P28 -> 0 | ... O13: ='Overview IB'!R28 -> 0 | Q13: =SUM(U13:AD13) -> 3 | R13: 1 | S13: =IF(D13=0,0,IF(E13=0,IF(R13=0,Q13/D13,R13/D13),IF(R13=0,Q13/E13,R13/E13))) -> 1 | U13: 1 | V13: 1 | W13: 1
C14: Bereich Veranstaltungen | D14: Anzahl SOLL | E14: Anzahl SOLL berichtigt | F14: M 1 | G14: M 2 | H14: M 3 | I14: M 4 | J14: M 5 | K14: M 6 | L14: M 7 | M14: M 8 | N14: M 9 | O14: M 10 | Q14: IST | R14: IST berichtigt | S14: Erfüllt in % | T14: Anmerkungen | U14: M 1 | V14: M 2 | W14: M 3 | X14: M 4 | Y14: M 5 | Z14: M 6 | AA14: M 7 | AB14: M 8 | AC14: M 9 | AD14: M 10
C15: Anzahl der Veranstaltungen | D15: ='Overview IB'!D30 -> 0 | E15: ='Overview IB'!E30 -> 0 | F15: ='Overview IB'!I30 -> 0 | G15: ='Overview IB'!J30 -> 0 | H15: ='Overview IB'!K30 -> 0 | I15: ='Overview IB'!L30 -> 0 | J15: ='Overview IB'!M30 -> 0 | K15: ='Overview IB'!N30 -> 0 | L15: ='Overview IB'!O30 -> 0 | M15: ='Overview IB'!P30 -> 0 | ... O15: ='Overview IB'!R30 -> 0 | Q15: =SUM(U15:AD15) -> 0 | S15: =IF(D15=0,0,IF(E15=0,IF(R15=0,Q15/D15,R15/D15),IF(R15=0,Q15/E15,R15/E15))) -> 0
C16: Anzahl der Veranstaltungsteilnehmenden gesamt | D16: ='Overview IB'!D31 -> 0 | E16: ='Overview IB'!E31 -> 0 | F16: ='Overview IB'!I31 -> 0 | G16: ='Overview IB'!J31 -> 0 | H16: ='Overview IB'!K31 -> 0 | I16: ='Overview IB'!L31 -> 0 | J16: ='Overview IB'!M31 -> 0 | K16: ='Overview IB'!N31 -> 0 | L16: ='Overview IB'!O31 -> 0 | M16: ='Overview IB'!P31 -> 0 | ... O16: ='Overview IB'!R31 -> 0 | Q16: =SUM(U16:AD16) -> 0 | S16: =IF(D16=0,0,IF(E16=0,IF(R16=0,Q16/D16,R16/D16),IF(R16=0,Q16/E16,R16/E16))) -> 0
C17: Anzahl der Kurse/Workshops/Trainings | D17: ='Overview IB'!D32 -> 0 | E17: ='Overview IB'!E32 -> 0 | F17: ='Overview IB'!I32 -> 0 | G17: ='Overview IB'!J32 -> 0 | H17: ='Overview IB'!K32 -> 0 | I17: ='Overview IB'!L32 -> 0 | J17: ='Overview IB'!M32 -> 0 | K17: ='Overview IB'!N32 -> 0 | L17: ='Overview IB'!O32 -> 0 | M17: ='Overview IB'!P32 -> 0 | ... O17: ='Overview IB'!R32 -> 0 | Q17: =SUM(U17:AD17) -> 0 | S17: =IF(D17=0,0,IF(E17=0,IF(R17=0,Q17/D17,R17/D17),IF(R17=0,Q17/E17,R17/E17))) -> 0
C18: Anzahl der Teilnehmenden an Kursen/Workshops/ Trainings | D18: ='Overview IB'!D33 -> 0 | E18: ='Overview IB'!E33 -> 0 | F18: ='Overview IB'!I33 -> 0 | G18: ='Overview IB'!J33 -> 0 | H18: ='Overview IB'!K33 -> 0 | I18: ='Overview IB'!L33 -> 0 | J18: ='Overview IB'!M33 -> 0 | K18: ='Overview IB'!N33 -> 0 | L18: ='Overview IB'!O33 -> 0 | M18: ='Overview IB'!P33 -> 0 | ... O18: ='Overview IB'!R33 -> 0 | Q18: =SUM(U18:AD18) -> 0 | S18: =IF(D18=0,0,IF(E18=0,IF(R18=0,Q18/D18,R18/D18),IF(R18=0,Q18/E18,R18/E18))) -> 0
C19: Anzahl der Kurs-, Workshop- bzw. Trainingsstunden | D19: ='Overview IB'!D34 -> 0 | E19: ='Overview IB'!E34 -> 0 | F19: ='Overview IB'!I34 -> 0 | G19: ='Overview IB'!J34 -> 0 | H19: ='Overview IB'!K34 -> 0 | I19: ='Overview IB'!L34 -> 0 | J19: ='Overview IB'!M34 -> 0 | K19: ='Overview IB'!N34 -> 0 | L19: ='Overview IB'!O34 -> 0 | M19: ='Overview IB'!P34 -> 0 | ... O19: ='Overview IB'!R34 -> 0 | Q19: =SUM(U19:AD19) -> 0 | S19: =IF(D19=0,0,IF(E19=0,IF(R19=0,Q19/D19,R19/D19),IF(R19=0,Q19/E19,R19/E19))) -> 0
C20: Bereich Beratung | D20: Anzahl SOLL | E20: Anzahl SOLL berichtigt | F20: M 1 | G20: M 2 | H20: M 3 | I20: M 4 | J20: M 5 | K20: M 6 | L20: M 7 | M20: M 8 | N20: M 9 | O20: M 10 | Q20: IST | R20: IST berichtigt | S20: Erfüllt in % | T20: Anmerkungen | U20: M 1 | V20: M 2 | W20: M 3 | X20: M 4 | Y20: M 5 | Z20: M 6 | AA20: M 7 | AB20: M 8 | AC20: M 9 | AD20: M 10
C21: Anzahl der Einzelberatungen bzw. -betreuung | D21: ='Overview IB'!D36 -> 0 | E21: ='Overview IB'!E36 -> 0 | F21: ='Overview IB'!I36 -> 0 | G21: ='Overview IB'!J36 -> 0 | H21: ='Overview IB'!K36 -> 0 | I21: ='Overview IB'!L36 -> 0 | J21: ='Overview IB'!M36 -> 0 | K21: ='Overview IB'!N36 -> 0 | L21: ='Overview IB'!O36 -> 0 | M21: ='Overview IB'!P36 -> 0 | ... O21: ='Overview IB'!R36 -> 0 | Q21: =SUM(U21:AD21) -> 0 | S21: =IF(D21=0,0,IF(E21=0,IF(R21=0,Q21/D21,R21/D21),IF(R21=0,Q21/E21,R21/E21))) -> 0
C22: Anzahl der in Einzelberatung beratenen, betreuten oder gecoachten Personen | D22: ='Overview IB'!D37 -> 144 | E22: ='Overview IB'!E37 -> 72 | F22: ='Overview IB'!I37 -> 72 | G22: ='Overview IB'!J37 -> 72 | H22: ='Overview IB'!K37 -> 0 | I22: ='Overview IB'!L37 -> 0 | J22: ='Overview IB'!M37 -> 0 | K22: ='Overview IB'!N37 -> 0 | L22: ='Overview IB'!O37 -> 0 | M22: ='Overview IB'!P37 -> 0 | ... O22: ='Overview IB'!R37 -> 0 | Q22: =SUM(U22:AD22) -> 164 | R22: 82 | S22: =IF(D22=0,0,IF(E22=0,IF(R22=0,Q22/D22,R22/D22),IF(R22=0,Q22/E22,R22/E22))) -> 1.1388889 | U22: 82 | V22: 82
C23: Anzahl der Einzelberatungs-/Betreuungs-/ Coachingstunden | D23: ='Overview IB'!D38 -> 1170 | E23: ='Overview IB'!E38 -> 1170 | F23: ='Overview IB'!I38 -> 360 | G23: ='Overview IB'!J38 -> 810 | H23: ='Overview IB'!K38 -> 0 | I23: ='Overview IB'!L38 -> 0 | J23: ='Overview IB'!M38 -> 0 | K23: ='Overview IB'!N38 -> 0 | L23: ='Overview IB'!O38 -> 0 | M23: ='Overview IB'!P38 -> 0 | ... O23: ='Overview IB'!R38 -> 0 | Q23: =SUM(U23:AD23) -> 1218.5 | R23: 1218.5 | S23: =IF(D23=0,0,IF(E23=0,IF(R23=0,Q23/D23,R23/D23),IF(R23=0,Q23/E23,R23/E23))) -> 1.041453 | U23: 392.5 | V23: 826
C24: Anzahl der Gruppenberatungen bzw. -betreuung (min 3 Personen) | D24: ='Overview IB'!D39 -> 0 | E24: ='Overview IB'!E39 -> 0 | F24: ='Overview IB'!I39 -> 0 | G24: ='Overview IB'!J39 -> 0 | H24: ='Overview IB'!K39 -> 0 | I24: ='Overview IB'!L39 -> 0 | J24: ='Overview IB'!M39 -> 0 | K24: ='Overview IB'!N39 -> 0 | L24: ='Overview IB'!O39 -> 0 | M24: ='Overview IB'!P39 -> 0 | ... O24: ='Overview IB'!R39 -> 0 | Q24: =SUM(U24:AD24) -> 0 | S24: =IF(D24=0,0,IF(E24=0,IF(R24=0,Q24/D24,R24/D24),IF(R24=0,Q24/E24,R24/E24))) -> 0
C25: Anzahl der in Gruppenberatung beratenen oder betreuten Personen | D25: ='Overview IB'!D40 -> 50 | E25: ='Overview IB'!E40 -> 50 | F25: ='Overview IB'!I40 -> 0 | G25: ='Overview IB'!J40 -> 0 | H25: ='Overview IB'!K40 -> 50 | I25: ='Overview IB'!L40 -> 0 | J25: ='Overview IB'!M40 -> 0 | K25: ='Overview IB'!N40 -> 0 | L25: ='Overview IB'!O40 -> 0 | M25: ='Overview IB'!P40 -> 0 | ... O25: ='Overview IB'!R40 -> 0 | Q25: =SUM(U25:AD25) -> 50 | R25: 50 | S25: =IF(D25=0,0,IF(E25=0,IF(R25=0,Q25/D25,R25/D25),IF(R25=0,Q25/E25,R25/E25))) -> 1 | W25: 50
C26: Anzahl der Gruppenberatungs-/Betreuungsstunden | D26: ='Overview IB'!D41 -> 540 | E26: ='Overview IB'!E41 -> 540 | F26: ='Overview IB'!I41 -> 0 | G26: ='Overview IB'!J41 -> 0 | H26: ='Overview IB'!K41 -> 540 | I26: ='Overview IB'!L41 -> 0 | J26: ='Overview IB'!M41 -> 0 | K26: ='Overview IB'!N41 -> 0 | L26: ='Overview IB'!O41 -> 0 | M26: ='Overview IB'!P41 -> 0 | ... O26: ='Overview IB'!R41 -> 0 | Q26: =SUM(U26:AD26) -> 541 | R26: 540.5 | S26: =IF(D26=0,0,IF(E26=0,IF(R26=0,Q26/D26,R26/D26),IF(R26=0,Q26/E26,R26/E26))) -> 1.0009259 | W26: 541
C27: Anzahl der Familienberatungen (pro Familie) | D27: ='Overview IB'!D42 -> 0 | E27: ='Overview IB'!E42 -> 0 | F27: ='Overview IB'!I42 -> 0 | G27: ='Overview IB'!J42 -> 0 | H27: ='Overview IB'!K42 -> 0 | I27: ='Overview IB'!L42 -> 0 | J27: ='Overview IB'!M42 -> 0 | K27: ='Overview IB'!N42 -> 0 | L27: ='Overview IB'!O42 -> 0 | M27: ='Overview IB'!P42 -> 0 | ... O27: ='Overview IB'!R42 -> 0 | Q27: =SUM(U27:AD27) -> 0 | S27: =IF(D27=0,0,IF(E27=0,IF(R27=0,Q27/D27,R27/D27),IF(R27=0,Q27/E27,R27/E27))) -> 0
C28: Anzahl der familienberatenen oder betreuten Personen | D28: ='Overview IB'!D43 -> 0 | E28: ='Overview IB'!E43 -> 0 | F28: ='Overview IB'!I43 -> 0 | G28: ='Overview IB'!J43 -> 0 | H28: ='Overview IB'!K43 -> 0 | I28: ='Overview IB'!L43 -> 0 | J28: ='Overview IB'!M43 -> 0 | K28: ='Overview IB'!N43 -> 0 | L28: ='Overview IB'!O43 -> 0 | M28: ='Overview IB'!P43 -> 0 | ... O28: ='Overview IB'!R43 -> 0 | Q28: =SUM(U28:AD28) -> 0 | S28: =IF(D28=0,0,IF(E28=0,IF(R28=0,Q28/D28,R28/D28),IF(R28=0,Q28/E28,R28/E28))) -> 0
C29: Anzahl der Beratungs-/Betreuungsstunden für Familien | D29: ='Overview IB'!D44 -> 0 | E29: ='Overview IB'!E44 -> 0 | F29: ='Overview IB'!I44 -> 0 | G29: ='Overview IB'!J44 -> 0 | H29: ='Overview IB'!K44 -> 0 | I29: ='Overview IB'!L44 -> 0 | J29: ='Overview IB'!M44 -> 0 | K29: ='Overview IB'!N44 -> 0 | L29: ='Overview IB'!O44 -> 0 | M29: ='Overview IB'!P44 -> 0 | ... O29: ='Overview IB'!R44 -> 0 | Q29: =SUM(U29:AD29) -> 0 | S29: =IF(D29=0,0,IF(E29=0,IF(R29=0,Q29/D29,R29/D29),IF(R29=0,Q29/E29,R29/E29))) -> 0
C30: Anzahl der Hausbesuche | D30: ='Overview IB'!D45 -> 0 | E30: ='Overview IB'!E45 -> 0 | F30: ='Overview IB'!I45 -> 0 | G30: ='Overview IB'!J45 -> 0 | H30: ='Overview IB'!K45 -> 0 | I30: ='Overview IB'!L45 -> 0 | J30: ='Overview IB'!M45 -> 0 | K30: ='Overview IB'!N45 -> 0 | L30: ='Overview IB'!O45 -> 0 | M30: ='Overview IB'!P45 -> 0 | ... O30: ='Overview IB'!R45 -> 0 | Q30: =SUM(U30:AD30) -> 0 | S30: =IF(D30=0,0,IF(E30=0,IF(R30=0,Q30/D30,R30/D30),IF(R30=0,Q30/E30,R30/E30))) -> 0
C31: Anzahl besuchter Haushalte | D31: ='Overview IB'!D46 -> 0 | E31: ='Overview IB'!E46 -> 0 | F31: ='Overview IB'!I46 -> 0 | G31: ='Overview IB'!J46 -> 0 | H31: ='Overview IB'!K46 -> 0 | I31: ='Overview IB'!L46 -> 0 | J31: ='Overview IB'!M46 -> 0 | K31: ='Overview IB'!N46 -> 0 | L31: ='Overview IB'!O46 -> 0 | M31: ='Overview IB'!P46 -> 0 | ... O31: ='Overview IB'!R46 -> 0 | Q31: =SUM(U31:AD31) -> 0 | S31: =IF(D31=0,0,IF(E31=0,IF(R31=0,Q31/D31,R31/D31),IF(R31=0,Q31/E31,R31/E31))) -> 0
C32: Anzahl besuchter Personen | D32: ='Overview IB'!D47 -> 0 | E32: ='Overview IB'!E47 -> 0 | F32: ='Overview IB'!I47 -> 0 | G32: ='Overview IB'!J47 -> 0 | H32: ='Overview IB'!K47 -> 0 | I32: ='Overview IB'!L47 -> 0 | J32: ='Overview IB'!M47 -> 0 | K32: ='Overview IB'!N47 -> 0 | L32: ='Overview IB'!O47 -> 0 | M32: ='Overview IB'!P47 -> 0 | ... O32: ='Overview IB'!R47 -> 0 | Q32: =SUM(U32:AD32) -> 0 | S32: =IF(D32=0,0,IF(E32=0,IF(R32=0,Q32/D32,R32/D32),IF(R32=0,Q32/E32,R32/E32))) -> 0
C33: Bereich Sprache | D33: Anzahl SOLL | E33: Anzahl SOLL berichtigt | F33: M 1 | G33: M 2 | H33: M 3 | I33: M 4 | J33: M 5 | K33: M 6 | L33: M 7 | M33: M 8 | N33: M 9 | O33: M 10 | Q33: IST | R33: IST berichtigt | S33: Erfüllt in % | T33: Anmerkungen | U33: M 1 | V33: M 2 | W33: M 3 | X33: M 4 | Y33: M 5 | Z33: M 6 | AA33: M 7 | AB33: M 8 | AC33: M 9 | AD33: M 10
C34: Anzahl der Fachsprach- bzw. Sprachkurse gesamt | D34: ='Overview IB'!D49 -> 0 | E34: ='Overview IB'!E49 -> 0 | F34: ='Overview IB'!I49 -> 0 | G34: ='Overview IB'!J49 -> 0 | H34: ='Overview IB'!K49 -> 0 | I34: ='Overview IB'!L49 -> 0 | J34: ='Overview IB'!M49 -> 0 | K34: ='Overview IB'!N49 -> 0 | L34: ='Overview IB'!O49 -> 0 | M34: ='Overview IB'!P49 -> 0 | ... O34: ='Overview IB'!R49 -> 0 | Q34: =SUM(Q35:Q39) -> 0 | R34: =SUM(R35:R39) -> 0 | S34: =IF(D34=0,0,IF(E34=0,IF(R34=0,Q34/D34,R34/D34),IF(R34=0,Q34/E34,R34/E34))) -> 0 | U34: =SUM(U35:U39) -> 0 | V34: =SUM(V35:V39) -> 0 | W34: =SUM(W35:W39) -> 0 | X34: =SUM(X35:X39) -> 0 | Y34: =SUM(Y35:Y39) -> 0 | Z34: =SUM(Z35:Z39) -> 0 | AA34: =SUM(AA35:AA39) -> 0 | AB34: =SUM(AB35:AB39) -> 0 | ... AD34: =SUM(AD35:AD39) -> 0
C35: davon Alphabetisierung | D35: ='Overview IB'!D50 -> 0 | E35: ='Overview IB'!E50 -> 0 | F35: ='Overview IB'!I50 -> 0 | G35: ='Overview IB'!J50 -> 0 | H35: ='Overview IB'!K50 -> 0 | I35: ='Overview IB'!L50 -> 0 | J35: ='Overview IB'!M50 -> 0 | K35: ='Overview IB'!N50 -> 0 | L35: ='Overview IB'!O50 -> 0 | M35: ='Overview IB'!P50 -> 0 | ... O35: ='Overview IB'!R50 -> 0 | Q35: =SUM(U35:AD35) -> 0 | S35: =IF(D35=0,0,IF(E35=0,IF(R35=0,Q35/D35,R35/D35),IF(R35=0,Q35/E35,R35/E35))) -> 0
C36: davon A1 | D36: ='Overview IB'!D51 -> 0 | E36: ='Overview IB'!E51 -> 0 | F36: ='Overview IB'!I51 -> 0 | G36: ='Overview IB'!J51 -> 0 | H36: ='Overview IB'!K51 -> 0 | I36: ='Overview IB'!L51 -> 0 | J36: ='Overview IB'!M51 -> 0 | K36: ='Overview IB'!N51 -> 0 | L36: ='Overview IB'!O51 -> 0 | M36: ='Overview IB'!P51 -> 0 | ... O36: ='Overview IB'!R51 -> 0 | Q36: =SUM(U36:AD36) -> 0 | S36: =IF(D36=0,0,IF(E36=0,IF(R36=0,Q36/D36,R36/D36),IF(R36=0,Q36/E36,R36/E36))) -> 0
C37: davon A2 | D37: ='Overview IB'!D52 -> 0 | E37: ='Overview IB'!E52 -> 0 | F37: ='Overview IB'!I52 -> 0 | G37: ='Overview IB'!J52 -> 0 | H37: ='Overview IB'!K52 -> 0 | I37: ='Overview IB'!L52 -> 0 | J37: ='Overview IB'!M52 -> 0 | K37: ='Overview IB'!N52 -> 0 | L37: ='Overview IB'!O52 -> 0 | M37: ='Overview IB'!P52 -> 0 | ... O37: ='Overview IB'!R52 -> 0 | Q37: =SUM(U37:AD37) -> 0 | S37: =IF(D37=0,0,IF(E37=0,IF(R37=0,Q37/D37,R37/D37),IF(R37=0,Q37/E37,R37/E37))) -> 0
C38: davon B1 | D38: ='Overview IB'!D53 -> 0 | E38: ='Overview IB'!E53 -> 0 | F38: ='Overview IB'!I53 -> 0 | G38: ='Overview IB'!J53 -> 0 | H38: ='Overview IB'!K53 -> 0 | I38: ='Overview IB'!L53 -> 0 | J38: ='Overview IB'!M53 -> 0 | K38: ='Overview IB'!N53 -> 0 | L38: ='Overview IB'!O53 -> 0 | M38: ='Overview IB'!P53 -> 0 | ... O38: ='Overview IB'!R53 -> 0 | Q38: =SUM(U38:AD38) -> 0 | S38: =IF(D38=0,0,IF(E38=0,IF(R38=0,Q38/D38,R38/D38),IF(R38=0,Q38/E38,R38/E38))) -> 0
C39: davon B2 | D39: ='Overview IB'!D54 -> 0 | E39: ='Overview IB'!E54 -> 0 | F39: ='Overview IB'!I54 -> 0 | G39: ='Overview IB'!J54 -> 0 | H39: ='Overview IB'!K54 -> 0 | I39: ='Overview IB'!L54 -> 0 | J39: ='Overview IB'!M54 -> 0 | K39: ='Overview IB'!N54 -> 0 | L39: ='Overview IB'!O54 -> 0 | M39: ='Overview IB'!P54 -> 0 | ... O39: ='Overview IB'!R54 -> 0 | Q39: =SUM(U39:AD39) -> 0 | S39: =IF(D39=0,0,IF(E39=0,IF(R39=0,Q39/D39,R39/D39),IF(R39=0,Q39/E39,R39/E39))) -> 0
C40: Anzahl der Fachsprach- bzw. Sprachkursplätze gesamt | D40: ='Overview IB'!D55 -> 0 | E40: ='Overview IB'!E55 -> 0 | F40: ='Overview IB'!I55 -> 0 | G40: ='Overview IB'!J55 -> 0 | H40: ='Overview IB'!K55 -> 0 | I40: ='Overview IB'!L55 -> 0 | J40: ='Overview IB'!M55 -> 0 | K40: ='Overview IB'!N55 -> 0 | L40: ='Overview IB'!O55 -> 0 | M40: ='Overview IB'!P55 -> 0 | ... O40: ='Overview IB'!R55 -> 0 | Q40: =SUM(U40:AD40) -> 0 | S40: =IF(D40=0,0,IF(E40=0,IF(R40=0,Q40/D40,R40/D40),IF(R40=0,Q40/E40,R40/E40))) -> 0
C41: Anzahl der Fachsprach- bzw. Sprachkursteilnehmenden gesamt | D41: ='Overview IB'!D56 -> 0 | E41: ='Overview IB'!E56 -> 0 | F41: ='Overview IB'!I56 -> 0 | G41: ='Overview IB'!J56 -> 0 | H41: ='Overview IB'!K56 -> 0 | I41: ='Overview IB'!L56 -> 0 | J41: ='Overview IB'!M56 -> 0 | K41: ='Overview IB'!N56 -> 0 | L41: ='Overview IB'!O56 -> 0 | M41: ='Overview IB'!P56 -> 0 | ... O41: ='Overview IB'!R56 -> 0 | Q41: =SUM(U41:AD41) -> 0 | S41: =IF(D41=0,0,IF(E41=0,IF(R41=0,Q41/D41,R41/D41),IF(R41=0,Q41/E41,R41/E41))) -> 0
C42: Anzahl der Unterrichtseinheiten gesamt | D42: ='Overview IB'!D57 -> 0 | E42: ='Overview IB'!E57 -> 0 | F42: ='Overview IB'!I57 -> 0 | G42: ='Overview IB'!J57 -> 0 | H42: ='Overview IB'!K57 -> 0 | I42: ='Overview IB'!L57 -> 0 | J42: ='Overview IB'!M57 -> 0 | K42: ='Overview IB'!N57 -> 0 | L42: ='Overview IB'!O57 -> 0 | M42: ='Overview IB'!P57 -> 0 | ... O42: ='Overview IB'!R57 -> 0 | Q42: =SUM(U42:AD42) -> 0 | S42: =IF(D42=0,0,IF(E42=0,IF(R42=0,Q42/D42,R42/D42),IF(R42=0,Q42/E42,R42/E42))) -> 0
C43: Anzahl der Teilnehmenden an einer zertifizierten Abschlussprüfung | D43: ='Overview IB'!D58 -> 0 | E43: ='Overview IB'!E58 -> 0 | F43: ='Overview IB'!I58 -> 0 | G43: ='Overview IB'!J58 -> 0 | H43: ='Overview IB'!K58 -> 0 | I43: ='Overview IB'!L58 -> 0 | J43: ='Overview IB'!M58 -> 0 | K43: ='Overview IB'!N58 -> 0 | L43: ='Overview IB'!O58 -> 0 | M43: ='Overview IB'!P58 -> 0 | ... O43: ='Overview IB'!R58 -> 0 | Q43: =SUM(U43:AD43) -> 0 | S43: =IF(D43=0,0,IF(E43=0,IF(R43=0,Q43/D43,R43/D43),IF(R43=0,Q43/E43,R43/E43))) -> 0
C44: Anteil der Teilnehmenden mit positiv absolvierter, zertifizierter Abschlussprüfung | D44: ='Overview IB'!D59 -> 0 | E44: ='Overview IB'!E59 -> 0 | F44: ='Overview IB'!I59 -> 0 | G44: ='Overview IB'!J59 -> 0 | H44: ='Overview IB'!K59 -> 0 | I44: ='Overview IB'!L59 -> 0 | J44: ='Overview IB'!M59 -> 0 | K44: ='Overview IB'!N59 -> 0 | L44: ='Overview IB'!O59 -> 0 | M44: ='Overview IB'!P59 -> 0 | ... O44: ='Overview IB'!R59 -> 0 | Q44: =SUM(U44:AD44) -> 0 | S44: =IF(D44=0,0,IF(E44=0,IF(R44=0,Q44/D44,R44/D44),IF(R44=0,Q44/E44,R44/E44))) -> 0
C45: davon ÖIF zertifiziert | D45: ='Overview IB'!D60 -> 0 | E45: ='Overview IB'!E60 -> 0 | F45: ='Overview IB'!I60 -> 0 | G45: ='Overview IB'!J60 -> 0 | H45: ='Overview IB'!K60 -> 0 | I45: ='Overview IB'!L60 -> 0 | J45: ='Overview IB'!M60 -> 0 | K45: ='Overview IB'!N60 -> 0 | L45: ='Overview IB'!O60 -> 0 | M45: ='Overview IB'!P60 -> 0 | ... O45: ='Overview IB'!R60 -> 0 | Q45: =SUM(U45:AD45) -> 0 | S45: =IF(D45=0,0,IF(E45=0,IF(R45=0,Q45/D45,R45/D45),IF(R45=0,Q45/E45,R45/E45))) -> 0
C46: Anzahl der niederschwelligen Sprachlerntreffen | D46: ='Overview IB'!D61 -> 0 | E46: ='Overview IB'!E61 -> 0 | F46: ='Overview IB'!I61 -> 0 | G46: ='Overview IB'!J61 -> 0 | H46: ='Overview IB'!K61 -> 0 | I46: ='Overview IB'!L61 -> 0 | J46: ='Overview IB'!M61 -> 0 | K46: ='Overview IB'!N61 -> 0 | L46: ='Overview IB'!O61 -> 0 | M46: ='Overview IB'!P61 -> 0 | ... O46: ='Overview IB'!R61 -> 0 | Q46: =SUM(U46:AD46) -> 0 | S46: =IF(D46=0,0,IF(E46=0,IF(R46=0,Q46/D46,R46/D46),IF(R46=0,Q46/E46,R46/E46))) -> 0
C47: Anzahl der Teilnehmenden an niederschwelligem Sprachlernangebot | D47: ='Overview IB'!D62 -> 0 | E47: ='Overview IB'!E62 -> 0 | F47: ='Overview IB'!I62 -> 0 | G47: ='Overview IB'!J62 -> 0 | H47: ='Overview IB'!K62 -> 0 | I47: ='Overview IB'!L62 -> 0 | J47: ='Overview IB'!M62 -> 0 | K47: ='Overview IB'!N62 -> 0 | L47: ='Overview IB'!O62 -> 0 | M47: ='Overview IB'!P62 -> 0 | ... O47: ='Overview IB'!R62 -> 0 | Q47: =SUM(U47:AD47) -> 0 | S47: =IF(D47=0,0,IF(E47=0,IF(R47=0,Q47/D47,R47/D47),IF(R47=0,Q47/E47,R47/E47))) -> 0
C48: Bereich Sonstige Indikatoren | D48: Anzahl SOLL | E48: Anzahl SOLL berichtigt | F48: M 1 | G48: M 2 | H48: M 3 | I48: M 4 | J48: M 5 | K48: M 6 | L48: M 7 | M48: M 8 | N48: M 9 | O48: M 10 | Q48: IST | R48: IST berichtigt | S48: Erfüllt in % | T48: Anmerkungen | U48: M 1 | V48: M 2 | W48: M 3 | X48: M 4 | Y48: M 5 | Z48: M 6 | AA48: M 7 | AB48: M 8 | AC48: M 9 | AD48: M 10
C49: Anzahl der durchgeführten wissenschaftlichen Studien bzw. begleitenden Berichte oder Evaluierungen | D49: ='Overview IB'!D64 -> 0 | E49: ='Overview IB'!E64 -> 0 | F49: ='Overview IB'!I64 -> 0 | G49: ='Overview IB'!J64 -> 0 | H49: ='Overview IB'!K64 -> 0 | I49: ='Overview IB'!L64 -> 0 | J49: ='Overview IB'!M64 -> 0 | K49: ='Overview IB'!N64 -> 0 | L49: ='Overview IB'!O64 -> 0 | M49: ='Overview IB'!P64 -> 0 | ... O49: ='Overview IB'!R64 -> 0 | Q49: =SUM(U49:AD49) -> 0 | S49: =IF(D49=0,0,IF(E49=0,IF(R49=0,Q49/D49,R49/D49),IF(R49=0,Q49/E49,R49/E49))) -> 0
C50: Anzahl der Ehrenamtlichen | D50: ='Overview IB'!D65 -> 0 | E50: ='Overview IB'!E65 -> 0 | F50: ='Overview IB'!I65 -> 0 | G50: ='Overview IB'!J65 -> 0 | H50: ='Overview IB'!K65 -> 0 | I50: ='Overview IB'!L65 -> 0 | J50: ='Overview IB'!M65 -> 0 | K50: ='Overview IB'!N65 -> 0 | L50: ='Overview IB'!O65 -> 0 | M50: ='Overview IB'!P65 -> 0 | ... O50: ='Overview IB'!R65 -> 0 | Q50: =SUM(U50:AD50) -> 0 | S50: =IF(D50=0,0,IF(E50=0,IF(R50=0,Q50/D50,R50/D50),IF(R50=0,Q50/E50,R50/E50))) -> 0
C51: von diesen geleistete Gesamtstunden | D51: ='Overview IB'!D66 -> 0 | E51: ='Overview IB'!E66 -> 0 | F51: ='Overview IB'!I66 -> 0 | G51: ='Overview IB'!J66 -> 0 | H51: ='Overview IB'!K66 -> 0 | I51: ='Overview IB'!L66 -> 0 | J51: ='Overview IB'!M66 -> 0 | K51: ='Overview IB'!N66 -> 0 | L51: ='Overview IB'!O66 -> 0 | M51: ='Overview IB'!P66 -> 0 | ... O51: ='Overview IB'!R66 -> 0 | Q51: =SUM(U51:AD51) -> 0 | S51: =IF(D51=0,0,IF(E51=0,IF(R51=0,Q51/D51,R51/D51),IF(R51=0,Q51/E51,R51/E51))) -> 0
C52: Anzahl an auszubildenden Multiplikatorinnen und Multiplikatoren | D52: ='Overview IB'!D67 -> 0 | E52: ='Overview IB'!E67 -> 0 | F52: ='Overview IB'!I67 -> 0 | G52: ='Overview IB'!J67 -> 0 | H52: ='Overview IB'!K67 -> 0 | I52: ='Overview IB'!L67 -> 0 | J52: ='Overview IB'!M67 -> 0 | K52: ='Overview IB'!N67 -> 0 | L52: ='Overview IB'!O67 -> 0 | M52: ='Overview IB'!P67 -> 0 | ... O52: ='Overview IB'!R67 -> 0 | Q52: =SUM(U52:AD52) -> 0 | S52: =IF(D52=0,0,IF(E52=0,IF(R52=0,Q52/D52,R52/D52),IF(R52=0,Q52/E52,R52/E52))) -> 0
C53: Anzahl der Kursangebote mit Kinderbetreuung | D53: ='Overview IB'!D68 -> 0 | E53: ='Overview IB'!E68 -> 0 | F53: ='Overview IB'!I68 -> 0 | G53: ='Overview IB'!J68 -> 0 | H53: ='Overview IB'!K68 -> 0 | I53: ='Overview IB'!L68 -> 0 | J53: ='Overview IB'!M68 -> 0 | K53: ='Overview IB'!N68 -> 0 | L53: ='Overview IB'!O68 -> 0 | M53: ='Overview IB'!P68 -> 0 | ... O53: ='Overview IB'!R68 -> 0 | Q53: =SUM(U53:AD53) -> 0 | S53: =IF(D53=0,0,IF(E53=0,IF(R53=0,Q53/D53,R53/D53),IF(R53=0,Q53/E53,R53/E53))) -> 0
C54: Anzahl der Teilnehmenden, die Elternteil betreuter Kinder sind | D54: ='Overview IB'!D69 -> 0 | E54: ='Overview IB'!E69 -> 0 | F54: ='Overview IB'!I69 -> 0 | G54: ='Overview IB'!J69 -> 0 | H54: ='Overview IB'!K69 -> 0 | I54: ='Overview IB'!L69 -> 0 | J54: ='Overview IB'!M69 -> 0 | K54: ='Overview IB'!N69 -> 0 | L54: ='Overview IB'!O69 -> 0 | M54: ='Overview IB'!P69 -> 0 | ... O54: ='Overview IB'!R69 -> 0 | Q54: =SUM(U54:AD54) -> 0 | S54: =IF(D54=0,0,IF(E54=0,IF(R54=0,Q54/D54,R54/D54),IF(R54=0,Q54/E54,R54/E54))) -> 0
C55: Anzahl der betreuten Kinder | D55: ='Overview IB'!D70 -> 0 | E55: ='Overview IB'!E70 -> 0 | F55: ='Overview IB'!I70 -> 0 | G55: ='Overview IB'!J70 -> 0 | H55: ='Overview IB'!K70 -> 0 | I55: ='Overview IB'!L70 -> 0 | J55: ='Overview IB'!M70 -> 0 | K55: ='Overview IB'!N70 -> 0 | L55: ='Overview IB'!O70 -> 0 | M55: ='Overview IB'!P70 -> 0 | ... O55: ='Overview IB'!R70 -> 0 | Q55: =SUM(U55:AD55) -> 0 | S55: =IF(D55=0,0,IF(E55=0,IF(R55=0,Q55/D55,R55/D55),IF(R55=0,Q55/E55,R55/E55))) -> 0
C56: Anzahl der erreichten Teilnehmenden durch Medien | D56: ='Overview IB'!D71 -> 0 | E56: ='Overview IB'!E71 -> 0 | F56: ='Overview IB'!I71 -> 0 | G56: ='Overview IB'!J71 -> 0 | H56: ='Overview IB'!K71 -> 0 | I56: ='Overview IB'!L71 -> 0 | J56: ='Overview IB'!M71 -> 0 | K56: ='Overview IB'!N71 -> 0 | L56: ='Overview IB'!O71 -> 0 | M56: ='Overview IB'!P71 -> 0 | ... O56: ='Overview IB'!R71 -> 0 | Q56: =SUM(U56:AD56) -> 0 | S56: =IF(D56=0,0,IF(E56=0,IF(R56=0,Q56/D56,R56/D56),IF(R56=0,Q56/E56,R56/E56))) -> 0
C57: davon erreichte Teilnehmende durch digitale Medien | D57: ='Overview IB'!D72 -> 0 | E57: ='Overview IB'!E72 -> 0 | F57: ='Overview IB'!I72 -> 0 | G57: ='Overview IB'!J72 -> 0 | H57: ='Overview IB'!K72 -> 0 | I57: ='Overview IB'!L72 -> 0 | J57: ='Overview IB'!M72 -> 0 | K57: ='Overview IB'!N72 -> 0 | L57: ='Overview IB'!O72 -> 0 | M57: ='Overview IB'!P72 -> 0 | ... O57: ='Overview IB'!R72 -> 0 | Q57: =SUM(U57:AD57) -> 0 | S57: =IF(D57=0,0,IF(E57=0,IF(R57=0,Q57/D57,R57/D57),IF(R57=0,Q57/E57,R57/E57))) -> 0
C58: davon erreichte Teilnehmende durch Printmedien | D58: ='Overview IB'!D73 -> 0 | E58: ='Overview IB'!E73 -> 0 | F58: ='Overview IB'!I73 -> 0 | G58: ='Overview IB'!J73 -> 0 | H58: ='Overview IB'!K73 -> 0 | I58: ='Overview IB'!L73 -> 0 | J58: ='Overview IB'!M73 -> 0 | K58: ='Overview IB'!N73 -> 0 | L58: ='Overview IB'!O73 -> 0 | M58: ='Overview IB'!P73 -> 0 | ... O58: ='Overview IB'!R73 -> 0 | Q58: =SUM(U58:AD58) -> 0 | S58: =IF(D58=0,0,IF(E58=0,IF(R58=0,Q58/D58,R58/D58),IF(R58=0,Q58/E58,R58/E58))) -> 0
C59: ='Overview IB'!C74 -> Sonstiger Indikator - frei wählbar lt. Indikatorenblatt | D59: ='Overview IB'!D74 -> 0 | E59: ='Overview IB'!E74 -> 0 | F59: ='Overview IB'!I74 -> 0 | G59: ='Overview IB'!J74 -> 0 | H59: ='Overview IB'!K74 -> 0 | I59: ='Overview IB'!L74 -> 0 | J59: ='Overview IB'!M74 -> 0 | K59: ='Overview IB'!N74 -> 0 | L59: ='Overview IB'!O74 -> 0 | M59: ='Overview IB'!P74 -> 0 | ... O59: ='Overview IB'!R74 -> 0 | Q59: =SUM(U59:AD59) -> 0 | S59: =IF(D59=0,0,IF(E59=0,IF(R59=0,Q59/D59,R59/D59),IF(R59=0,Q59/E59,R59/E59))) -> 0
C60: ='Overview IB'!C75 -> Sonstiger Indikator - frei wählbar lt. Indikatorenblatt | D60: ='Overview IB'!D75 -> 0 | E60: ='Overview IB'!E75 -> 0 | F60: ='Overview IB'!I75 -> 0 | G60: ='Overview IB'!J75 -> 0 | H60: ='Overview IB'!K75 -> 0 | I60: ='Overview IB'!L75 -> 0 | J60: ='Overview IB'!M75 -> 0 | K60: ='Overview IB'!N75 -> 0 | L60: ='Overview IB'!O75 -> 0 | M60: ='Overview IB'!P75 -> 0 | ... O60: ='Overview IB'!R75 -> 0 | Q60: =SUM(U60:AD60) -> 0 | S60: =IF(D60=0,0,IF(E60=0,IF(R60=0,Q60/D60,R60/D60),IF(R60=0,Q60/E60,R60/E60))) -> 0
C62: Evaluierungsindikatoren | D62: Anzahl SOLL | E62: Anzahl SOLL berichtigt | F62: M 1 | G62: M 2 | H62: M 3 | I62: M 4 | J62: M 5 | K62: M 6 | L62: M 7 | M62: M 8 | N62: M 9 | O62: M 10 | Q62: IST | R62: IST berichtigt | S62: Erfüllt in % | T62: Anmerkungen | U62: M 1 | V62: M 2 | W62: M 3 | X62: M 4 | Y62: M 5 | Z62: M 6 | AA62: M 7 | AB62: M 8 | AC62: M 9 | AD62: M 10
C63: Projektteilnehmende nach Zielgruppe
C64: Anzahl der Drittstaatsangehörigen | R64: 21 | U64: Diese Indikatoren sind nur bei IST berichtigt zu erfassen.
C65: Anzahl der Asyl- und subsidiär Schutzberechtigten | R65: 48
C66: Anzahl der Vertriebenen gemäß § 62 AsylG 2005 | R66: 4
C67: Anzahl der EU-Bürger*innen | R67: 4
C68: Anzahl der Österreicher*innen mit Migrationshintergrund | R68: 5
C69: Anzahl der Personen aus der Mehrheitsbevölkerung | R69: 0
C70: gesamt | R70: =SUM(R64:R69) -> 82
C71: Projektteilnehmende nach Alter
C72: Anzahl der Personen von 0 - 6 Jahre | D72: ='Overview IB'!D87 -> 0 | E72: ='Overview IB'!E87 -> 0 | R72: 0 | S72: =IF(R72="",0,IF(D72=0,0,IF(E72=0,IF(R72=0,Q72/D72,R72/D72),IF(R72=0,Q72/E72,R72/E72)))) -> 0 | U72: Diese Indikatoren sind nur bei IST berichtigt zu erfassen.
C73: Anzahl der Personen von 6 - 10 Jahre | D73: ='Overview IB'!D88 -> 0 | E73: ='Overview IB'!E88 -> 0 | R73: 0 | S73: =IF(R73="",0,IF(D73=0,0,IF(E73=0,IF(R73=0,Q73/D73,R73/D73),IF(R73=0,Q73/E73,R73/E73)))) -> 0
C74: Anzahl der Personen von 10 - 14 Jahre | D74: ='Overview IB'!D89 -> 0 | E74: ='Overview IB'!E89 -> 0 | R74: 0 | S74: =IF(R74="",0,IF(D74=0,0,IF(E74=0,IF(R74=0,Q74/D74,R74/D74),IF(R74=0,Q74/E74,R74/E74)))) -> 0
C75: Anzahl der Personen von 14 -18 Jahre | D75: ='Overview IB'!D90 -> 0 | E75: ='Overview IB'!E90 -> 0 | R75: 10 | S75: =IF(R75="",0,IF(D75=0,0,IF(E75=0,IF(R75=0,Q75/D75,R75/D75),IF(R75=0,Q75/E75,R75/E75)))) -> 0
C76: Anzahl der Personen von 18 -30 Jahre | D76: ='Overview IB'!D91 -> 0 | E76: ='Overview IB'!E91 -> 0 | R76: 45 | S76: =IF(R76="",0,IF(D76=0,0,IF(E76=0,IF(R76=0,Q76/D76,R76/D76),IF(R76=0,Q76/E76,R76/E76)))) -> 0
C77: Anzahl der Personen über 30 Jahre | D77: ='Overview IB'!D92 -> 0 | E77: ='Overview IB'!E92 -> 0 | R77: 27 | S77: =IF(R77="",0,IF(D77=0,0,IF(E77=0,IF(R77=0,Q77/D77,R77/D77),IF(R77=0,Q77/E77,R77/E77)))) -> 0
C78: gesamt | D78: ='Overview IB'!D93 -> 0 | E78: ='Overview IB'!E93 -> 0 | R78: =SUM(R72:R77) -> 82 | S78: =IF(D78=0,0,IF(E78=0,IF(R78=0,Q78/D78,R78/D78),IF(R78=0,Q78/E78,R78/E78))) -> 0
C79: Projektteilnehmende nach Geschlecht
C80: Anzahl der Frauen | D80: ='Overview IB'!D95 -> 0 | E80: ='Overview IB'!E95 -> 0 | R80: 47 | S80: =IF(R80="",0,IF(D80=0,0,IF(E80=0,IF(R80=0,Q80/D80,R80/D80),IF(R80=0,Q80/E80,R80/E80)))) -> 0 | U80: Diese Indikatoren sind nur bei IST berichtigt zu erfassen.
C81: Anzahl der Männer | D81: ='Overview IB'!D96 -> 0 | E81: ='Overview IB'!E96 -> 0 | R81: 35 | S81: =IF(R81="",0,IF(D81=0,0,IF(E81=0,IF(R81=0,Q81/D81,R81/D81),IF(R81=0,Q81/E81,R81/E81)))) -> 0
C82: Anzahl der Personen - divers | D82: ='Overview IB'!D97 -> 0 | E82: ='Overview IB'!E97 -> 0 | R82: 0 | S82: =IF(R82="",0,IF(D82=0,0,IF(E82=0,IF(R82=0,Q82/D82,R82/D82),IF(R82=0,Q82/E82,R82/E82)))) -> 0
C83: Anzahl der Personen - inter | D83: ='Overview IB'!D98 -> 0 | E83: ='Overview IB'!E98 -> 0 | R83: 0 | S83: =IF(R83="",0,IF(D83=0,0,IF(E83=0,IF(R83=0,Q83/D83,R83/D83),IF(R83=0,Q83/E83,R83/E83)))) -> 0
C84: Anzahl der Personen - offen | D84: ='Overview IB'!D99 -> 0 | E84: ='Overview IB'!E99 -> 0 | R84: 0 | S84: =IF(R84="",0,IF(D84=0,0,IF(E84=0,IF(R84=0,Q84/D84,R84/D84),IF(R84=0,Q84/E84,R84/E84)))) -> 0
C85: Anzahl der Personen - eigene Angaben | D85: ='Overview IB'!D100 -> 0 | E85: ='Overview IB'!E100 -> 0 | R85: 0 | S85: =IF(R85="",0,IF(D85=0,0,IF(E85=0,IF(R85=0,Q85/D85,R85/D85),IF(R85=0,Q85/E85,R85/E85)))) -> 0
C86: Anzahl der Personen - keine Angaben | D86: ='Overview IB'!D101 -> 0 | E86: ='Overview IB'!E101 -> 0 | R86: 0 | S86: =IF(R86="",0,IF(D86=0,0,IF(E86=0,IF(R86=0,Q86/D86,R86/D86),IF(R86=0,Q86/E86,R86/E86)))) -> 0
C87: gesamt | D87: ='Overview IB'!D102 -> 0 | E87: ='Overview IB'!E102 -> 0 | R87: =SUM(R80:R86) -> 82 | S87: =IF(D87=0,0,IF(E87=0,IF(R87=0,Q87/D87,R87/D87),IF(R87=0,Q87/E87,R87/E87))) -> 0
C88: Anzahl der erstmalig am Projekt teilnehmenden Personen | D88: ='Overview IB'!D103 -> 0 | E88: ='Overview IB'!E103 -> 0 | F88: ='Overview IB'!I103 -> 0 | G88: ='Overview IB'!J103 -> 0 | H88: ='Overview IB'!K103 -> 0 | I88: ='Overview IB'!L103 -> 0 | J88: ='Overview IB'!M103 -> 0 | K88: ='Overview IB'!N103 -> 0 | L88: ='Overview IB'!O103 -> 0 | M88: ='Overview IB'!P103 -> 0 | ... O88: ='Overview IB'!R103 -> 0 | Q88: =SUM(U88:AD88) -> 0 | R88: 69 | S88: =IF(D88=0,0,IF(E88=0,IF(R88=0,Q88/D88,R88/D88),IF(R88=0,Q88/E88,R88/E88))) -> 0
C90: Wirkungsindikatoren | D90: Anzahl SOLL | E90: Anzahl SOLL berichtigt | F90: M 1 | G90: M 2 | H90: M 3 | I90: M 4 | J90: M 5 | K90: M 6 | L90: M 7 | M90: M 8 | N90: M 9 | O90: M 10 | Q90: IST | R90: IST berichtigt | S90: Erfüllt in % | T90: Anmerkungen | U90: M 1 | V90: M 2 | W90: M 3 | X90: M 4 | Y90: M 5 | Z90: M 6 | AA90: M 7 | AB90: M 8 | AC90: M 9 | AD90: M 10
C91: Anzahl der MultiplikatorInnen mit konkreter Aktivität bis zwei Monate nach Projektteilnahme | D91: ='Overview IB'!D106 -> 0 | E91: ='Overview IB'!E106 -> 0 | F91: ='Overview IB'!I106 -> 0 | G91: ='Overview IB'!J106 -> 0 | H91: ='Overview IB'!K106 -> 0 | I91: ='Overview IB'!L106 -> 0 | J91: ='Overview IB'!M106 -> 0 | K91: ='Overview IB'!N106 -> 0 | L91: ='Overview IB'!O106 -> 0 | M91: ='Overview IB'!P106 -> 0 | ... O91: ='Overview IB'!R106 -> 0 | Q91: =SUM(U91:AD91) -> 0 | R91: 0 | S91: =IF(D91=0,0,IF(E91=0,IF(R91=0,Q91/D91,R91/D91),IF(R91=0,Q91/E91,R91/E91))) -> 0 | T91: 'Multiplikator*innen sind nicht die Zielgruppe unseres Projekts. Im Rahmen der Akquise und Arbeit mit den TN sind wir in Kontakt mit Berufsschulen, Lehrbetrieben, Arbeitgebern und Lehrlings/-Jugendcoaches unterschiedlicher Organisationen. Eine genaue Anzahl der Case-Manager, mit der wir zu tun haben, wurde nicht erhoben.
C92: Anzahl der Teilnehmenden, die innerhalb von zwei Monaten nach Projektteilnahme ein Zertifikat erwerben | D92: ='Overview IB'!D107 -> 0 | E92: ='Overview IB'!E107 -> 0 | F92: ='Overview IB'!I107 -> 0 | G92: ='Overview IB'!J107 -> 0 | H92: ='Overview IB'!K107 -> 0 | I92: ='Overview IB'!L107 -> 0 | J92: ='Overview IB'!M107 -> 0 | K92: ='Overview IB'!N107 -> 0 | L92: ='Overview IB'!O107 -> 0 | M92: ='Overview IB'!P107 -> 0 | ... O92: ='Overview IB'!R107 -> 0 | Q92: =SUM(U92:AD92) -> 0 | R92: 15 | S92: =IF(D92=0,0,IF(E92=0,IF(R92=0,Q92/D92,R92/D92),IF(R92=0,Q92/E92,R92/E92))) -> 0 | T92: Die Zahl beinhaltet von den Teilnehmenden erlangte "Zertifikate" in Bezug auf die LAP. (Berufsschulzeugnis (E3) /LAP-Prüfung abgelegt (E6) /Teilprüfungen der LAP abgelegt (E7)
C93: Anzahl der Teilnehmenden in weiterführenden externen Bildungsmaßnahmen, auf die im Projekt vorbereitet wurde, bis zwei Monate nach Projektteilnahme | D93: ='Overview IB'!D108 -> 0 | E93: ='Overview IB'!E108 -> 0 | F93: ='Overview IB'!I108 -> 0 | G93: ='Overview IB'!J108 -> 0 | H93: ='Overview IB'!K108 -> 0 | I93: ='Overview IB'!L108 -> 0 | J93: ='Overview IB'!M108 -> 0 | K93: ='Overview IB'!N108 -> 0 | L93: ='Overview IB'!O108 -> 0 | M93: ='Overview IB'!P108 -> 0 | ... O93: ='Overview IB'!R108 -> 0 | Q93: =SUM(U93:AD93) -> 0 | R93: 10 | S93: =IF(D93=0,0,IF(E93=0,IF(R93=0,Q93/D93,R93/D93),IF(R93=0,Q93/E93,R93/E93))) -> 0 | T93: Die Zahlt ergibt sich aus TN, die eine Berufsschule oder einen LAP-Vorbereitungskurs begannen im Zeitraum des Projekts. (Eintritt in Berufsschule (E1) oder LAP-Vorbereitungskurs (E4)
C94: Anzahl der Teilnehmenden mit einer Verbesserung um eine Schulnote oder mit Aufstieg in die nächste Schulstufe | D94: ='Overview IB'!D109 -> 0 | E94: ='Overview IB'!E109 -> 0 | F94: ='Overview IB'!I109 -> 0 | G94: ='Overview IB'!J109 -> 0 | H94: ='Overview IB'!K109 -> 0 | I94: ='Overview IB'!L109 -> 0 | J94: ='Overview IB'!M109 -> 0 | K94: ='Overview IB'!N109 -> 0 | L94: ='Overview IB'!O109 -> 0 | M94: ='Overview IB'!P109 -> 0 | ... O94: ='Overview IB'!R109 -> 0 | Q94: =SUM(U94:AD94) -> 0 | R94: 0 | S94: =IF(D94=0,0,IF(E94=0,IF(R94=0,Q94/D94,R94/D94),IF(R94=0,Q94/E94,R94/E94))) -> 0 | T94: Schulnoten sind nicht Fokus unseres Projekts. Wir arbeiten mit den TN daran, dass sie ein gesamtes Berufsschuljahr positiv abschließen. Siehe dazu Wirkungsindikator 2 (Zertifikat). Viele haben keine Schulnoten, da sie eine Lehre auf dem zweiten Bildungsweg absolvieren. Wir motivieren unsere TN, sich bereits vor dem Berufsschuljahr vorzubereiten. Sie verbessern sich bereits vor dem Schuljahr/vor dem LAP-Kurs in den für sie problematischen Kompetenzfeldern.
C95: Anzahl der Teilnehmenden mit einer vermittelten Lehrstelle bis zwei Monate nach Projektteilnahme | D95: ='Overview IB'!D110 -> 0 | E95: ='Overview IB'!E110 -> 0 | F95: ='Overview IB'!I110 -> 0 | G95: ='Overview IB'!J110 -> 0 | H95: ='Overview IB'!K110 -> 0 | I95: ='Overview IB'!L110 -> 0 | J95: ='Overview IB'!M110 -> 0 | K95: ='Overview IB'!N110 -> 0 | L95: ='Overview IB'!O110 -> 0 | M95: ='Overview IB'!P110 -> 0 | ... O95: ='Overview IB'!R110 -> 0 | Q95: =SUM(U95:AD95) -> 0 | R95: 7 | S95: =IF(D95=0,0,IF(E95=0,IF(R95=0,Q95/D95,R95/D95),IF(R95=0,Q95/E95,R95/E95))) -> 0 | T95: Fokus des Projekts ist eine längerfristige Lernbegleitung, bei der sich der Erfolg einer vermittelten Lehrstelle einstellen kann, aber nicht Fokus der Projektarbeit ist. Es wird nicht aktiv Lehrstellensuche betrieben (siehe Projektbeschreibung S. 12). siehe Eintritt in Berufsschule (E1)
C96: Anzahl der Teilnehmenden mit Praktikumsplatz bis zwei Monate nach Projektteilnahme | D96: ='Overview IB'!D111 -> 0 | E96: ='Overview IB'!E111 -> 0 | F96: ='Overview IB'!I111 -> 0 | G96: ='Overview IB'!J111 -> 0 | H96: ='Overview IB'!K111 -> 0 | I96: ='Overview IB'!L111 -> 0 | J96: ='Overview IB'!M111 -> 0 | K96: ='Overview IB'!N111 -> 0 | L96: ='Overview IB'!O111 -> 0 | M96: ='Overview IB'!P111 -> 0 | ... O96: ='Overview IB'!R111 -> 0 | Q96: =SUM(U96:AD96) -> 0 | R96: 9 | S96: =IF(D96=0,0,IF(E96=0,IF(R96=0,Q96/D96,R96/D96),IF(R96=0,Q96/E96,R96/E96))) -> 0 | T96: Im Rahmen des Projekts suchen wir nicht aktiv Praktikumsplätze mit den TN. Im Rahmen der Lernbegleitung werden Kompetenzen dahingehend gesteigert, dass eine Praktikumssuche erleichtert wird. Die angegebene Zahl basiert auf freiwillige Rückmeldungen der TN während der Lernbegleitung.
C97: Anzahl der Teilnehmenden mit erfolgreicher Arbeitsmarktintegration bis zwei Monate nach Projektteilnahme | D97: ='Overview IB'!D112 -> 0 | E97: ='Overview IB'!E112 -> 0 | F97: ='Overview IB'!I112 -> 0 | G97: ='Overview IB'!J112 -> 0 | H97: ='Overview IB'!K112 -> 0 | I97: ='Overview IB'!L112 -> 0 | J97: ='Overview IB'!M112 -> 0 | K97: ='Overview IB'!N112 -> 0 | L97: ='Overview IB'!O112 -> 0 | M97: ='Overview IB'!P112 -> 0 | ... O97: ='Overview IB'!R112 -> 0 | Q97: =SUM(U97:AD97) -> 0 | R97: 14 | S97: =IF(D97=0,0,IF(E97=0,IF(R97=0,Q97/D97,R97/D97),IF(R97=0,Q97/E97,R97/E97))) -> 0 | T97: Im Rahmen der Lernbegleitung werden Kompetenzen dahingehend gesteigert, dass eine Arbeitsmarktintegration erleichtert wird. Wir arbeiten mit den TN an ihren Lernerfolgen, die die Basis legt, um am Arbeitsmarkt eine Chance zu haben. Durch das dadurch gewonnene Selbstvertrauen und den Rückhalt werden sie ermutigt sich selbstständig in den Arbeitsmarkt zu integrieren. Die angegebene Zahl basiert auf freiwillige Rückmeldungen der TN während der Lernbegleitung.
C98: ='Overview IB'!C113 -> Anzahl der Teilnehmenden, die Teilziele auf ihrem Weg zur LAP (gemäß individuellem Bildungsplan) erreicht haben. | D98: ='Overview IB'!D113 -> 0 | E98: ='Overview IB'!E113 -> 0 | F98: ='Overview IB'!I113 -> 0 | G98: ='Overview IB'!J113 -> 0 | H98: ='Overview IB'!K113 -> 0 | I98: ='Overview IB'!L113 -> 0 | J98: ='Overview IB'!M113 -> 0 | K98: ='Overview IB'!N113 -> 0 | L98: ='Overview IB'!O113 -> 0 | M98: ='Overview IB'!P113 -> 0 | ... O98: ='Overview IB'!R113 -> 0 | Q98: =SUM(U98:AD98) -> 0 | R98: 33 | S98: =IF(D98=0,0,IF(E98=0,IF(R98=0,Q98/D98,R98/D98),IF(R98=0,Q98/E98,R98/E98))) -> 0 | T98: Da der Weg zur LAP für unsere Zielgruppe meist ein längerer ist, ist die Erreichung ihrer festgesetzten Teilziele gemäß individuellem Bildungsplan bereits ein wesentlicher Erfolgsindikator.
